sba_borrower_name,sba_city,sba_zip,candidate_business_name,candidate_city,match_score,sba_loan_id,business_id
Quabbin Valley Dental,Athol,1331,QUABBIN VALLEY HEALTHCARE,"821 Daniel Shays Hwy, Athol, MA 01331, USA",78.26,8040ecee-a7b3-53b6-bac6-3d4745362b12,3f6472d1-cdbc-4c84-a022-e59c55389c45
Somerset Veterinary Clinic,PITTSFIELD,4967,PITTSFIELD VETERINARY CLINIC,"280 Dowboro Rd, Pittsfield, NH 03263, USA",74.07,b9a79aaf-6b76-5d9f-a2e9-99c082c05620,c54577c4-4ec7-4450-8ea3-1a25e249673d
Diesel Daves LTD,MIDDLETOWN,2842,DIESEL DAVE'S SERVICE,"1499 Green End Ave, Middletown, RI 02842, USA",70.27,6e2a82eb-1263-5715-b3a8-446f8d184b01,a8d8df38-e77d-4e76-917a-40d50ad4ef0a
WB Construction LLC,Waterbury,6704,"WALKER CONSTRUCTION, INC.","5950 Waterbury-Stowe Rd, Waterbury Center, VT 05677, USA",72.73,44320149-c2c8-579b-9375-bf5a3a5a94df,84f18e63-c58f-4f20-818c-69e483248f18
Falmouth Podiatry,FALMOUTH,2540,FALMOUTH HOSPITAL,"100 Ter Heun Dr, Falmouth, MA 02540, USA",70.59,56d02235-31ca-57e3-a5ba-a2d463f838bb,46f86b8e-b445-413f-a1fb-17975b37b8a4
Troy Brehaut & Family Trucking,WINN,4495,HERB BREHAUT & SONS TRUCKING INC,"66 US-2, Winn, ME 04495, USA",70.97,c04553a5-0344-5cec-a21a-a5383f930518,60ccdba9-44bb-43c7-8324-650edb0cafab
Full Throttle Repair,SWANZEY,3446,FULL THROTTLE POWERSPORTS,"2 SPROCKET LN, 189 W Swanzey Rd, Swanzey, NH 03446, USA",75.56,c6ec2b83-5f70-525c-a242-c015554cbe53,0a6a0af0-887b-4efb-bde5-c136e1d08ceb
TAMARACK LANDSCAPING INC,HUDSON,3051,DESIGN WORKS LANDSCAPING,"125 Wason Rd, Hudson, NH 03051, USA",70.83,00141144-b1e4-5510-9e66-63477b6b5e5c,5fc8a848-88c7-464d-998c-2a7dbaa6e589
Andover Pilates LLC,ANDOVER,1810,ANDOVER AUTO PARTS,"497 US-6, Andover, CT 06232, USA",70.27,80f7405d-6e11-59f5-8dcd-6b5940a7f868,98f86444-bc42-48b2-b8f6-f8ec64a29553
Andover Pilates LLC,Andover,1810,ANDOVER AUTO PARTS,"497 US-6, Andover, CT 06232, USA",70.27,e6063e05-ac9d-57e7-99da-6e8021b30944,98f86444-bc42-48b2-b8f6-f8ec64a29553
Thomas Buffington Associates Inc.,Plainfield,6374,THOMAS BUFFINGTON ASSOCIATES INC. AUTO REPAIR,"111 Commercial Dr, Plainfield, CT 06374, USA",84.62,54cf2225-343f-5ee5-9f97-b7cee00f6bd0,8d88a04a-b055-4b1e-bf14-1e4fedcc4368
SE Ortho Mansfield Inc,MANSFIELD,2048,MANSFIELD AUTO PARTS INC,"214 Stafford Rd, Mansfield Center, CT 06250, USA",73.91,c7ce71ad-ebc8-592c-9ff0-1e84e44fd008,21e2d976-409a-435e-b2e9-10412132d9d4
Emery Lee and Sons Incorporated,MILLINOCKET,4462,EMERY LEE & SONS INC.,"936 Central St, Millinocket, ME 04462, USA",73.08,66f841a4-8f8a-5957-bca1-4a83f3f770f7,9adc2633-b7ca-4b6b-8168-7352a02f2770
Dream Big Inc.,CRANSTON,2921,DREAM BIG GYMNASTICS,"41 Comstock Pkwy, Cranston, RI 02921, USA",70.59,cc54cd71-dfb9-591e-8238-1cb6f4bb38c8,30797cdd-833b-46af-b352-825e1b50f52f
AXIS CNC INC,WARE,1082,ABS FENCE INC,"2700 Cranberry Hwy, Wareham, MA 02571, USA",72.0,c04e5238-6d4f-570d-8851-8e6502358f80,0deabac8-ec02-4672-9c4f-e62675a3e019
New London Hospitality Holdings LLC,NEW LONDON,3257,NEW LONDON HOSPITAL,"273 County Rd, New London, NH 03257, USA",70.37,ec969d02-3e78-5e44-8d7d-5cdb98a460b0,209686a3-5bba-4e1e-b9b6-d3be4d460c1e
Petals and Paws LLC,Canton,6019,PETALS & PAWS,"465 Albany Turnpike, Canton, CT 06019, USA",75.0,0d8dc5c5-f751-5f98-9e91-9882195c5dc2,eca07ea5-31b2-4ccf-ad87-3d240d0f7d73
CARELOT CHILDREN'S CENTER INC,THOMPSON,6277,WESTVIEW CHILD CARE CENTER,"39 Thompson Pike, Dayville, CT 06241, USA",72.73,013371ca-fc57-5513-b64b-611c824b6dff,c19ca677-878c-4ae3-9ef4-04b4037a73d8
RAE Veterinary Services P.C.,WINTERPORT,4496,RIDGE RUNNER VETERINARY SERVICES,"559 S Main St, Winterport, ME 04496, USA",76.67,8ee63273-9adb-5c84-a220-3b66840f1602,a703c378-46c8-49ca-9082-7c3b1740f54f
RAPOSO'S CONSTRUCTION INC.,Taunton,2780,G LOPES CONSTRUCTION INC,"565 Winthrop St, Taunton, MA 02780, USA",76.0,dc8ebe4a-30c0-5449-a73e-e517182b5aa0,9ee2f4c8-c83e-4096-a607-8c8541d97e39
Wally's Landscaping Inc,HUDSON,1749,DESIGN WORKS LANDSCAPING,"125 Wason Rd, Hudson, NH 03051, USA",72.34,89957e65-619b-5d70-a8d5-1694396ee722,5fc8a848-88c7-464d-998c-2a7dbaa6e589
STAR TWO CONSTRUCTION INC.,Broad Brook,6016,KEMENT & SON CONSTRUCTION INC,"297 N Rd, Broad Brook, CT 06016, USA",72.73,55ed6a35-fb6d-515d-b2ba-61aac49191e7,b382659a-0e56-4b68-860e-a0a5ce226137
Baker Landscaping LLC,WINDSOR,6095,ZACH EDGE LANDSCAPING LLC,"28 Hilltop Cir, Windsor, NH 03244, USA",73.91,fa1c6279-c66a-5c9a-b5eb-bce1776a8729,eea06a4f-5930-4417-84c6-0af09b0c1d8c
W H Ferris Landscaping LLC,ANDOVER,1810,ANDOVER LANDSCAPING LLC,"5 Hendee Rd, Andover, CT 06232, USA",73.47,cd104e92-60e9-5834-bdeb-c8434a8ff341,590d90b5-83bf-4c33-b7cd-ea9a6fa54f6f
ARS CONSTRUCTION INC,RINDGE,3461,BOSS CONTRACTORS INC,"581 NH-119, Rindge, NH 03461, USA",70.0,27d2fea1-0c9b-5c7e-96e9-d95413784cb3,0230f937-2f46-4328-a90e-91f80ebbfced
Conlin Enterprises LLC,GREENLAND,3840,"REP ENTERPRISES, LLC","747 Portsmouth Ave, Greenland, NH 03840, USA",71.43,4c550546-e3ef-5f85-9a47-a0cdd646106e,7adbf78e-66d8-467b-ad55-915377f1a354
Metabolic Consulting LLC,Cambridge,2138,SPEX CONSULTING LLC,"82 Pease Rd, Cambridge, ME 04923, USA",74.42,544516cc-cd0c-53b5-a5f4-1d47743c1ddf,2ada50b4-824b-4f80-be3f-530bae680abd
Hank's Repair,CARMEL,4419,HANK'S REPAIR INC.,"32 Old State Rd, Carmel, ME 04419, USA",83.87,49fcb36a-885c-5d2d-a3ca-1a83088a61f8,5e86846a-634e-4647-8091-3d5c1168cdf2
MARC A ROY SR dba MIDDLEBORO MINI STORAGE,MIDDLEBORO,2346,MIDDLEBORO MINI STORAGE,"15 Spruce St, Middleborough, MA 02346, USA",71.88,78d8b848-fb16-5b51-9cc8-72078916070e,7cfb344f-dc1f-48ba-b51e-402e0d4a9f3f
Make A Difference Landscaping LLC,LEE,3861,THE DIFFERENCE LANDSCAPES,"459 Calef Hwy, Lee, NH 03861, USA",72.41,37a2642b-0c07-5dc4-9b93-6a685c4792e8,a8d6020b-408a-4e06-8226-85e795fc33d1
BRISTOL FAMILY DENTAL PC,BRISTOL,6010,BRISTOL FAMILY CENTER,"16 Orchard Terrace, Bristol, VT 05443, USA",80.0,5f0812fb-1547-549a-9162-ccd69bde829b,bdc1aa6a-b408-48c3-9f77-5927aaa4a74c
AP Consulting Inc,Cambridge,2139,PERCEY CONSULTING,"385 Chestnut Hill Rd, Cambridge, NY 12816, USA",70.59,2a86c343-0d05-52ff-b063-86b79d8b158c,9f1b85b9-10b7-45c3-ac94-1b48d82c5d14
Quabbin Valley Dental,Athol,1331,QUABBIN VALLEY HEALTHCARE,"821 Daniel Shays Hwy, Athol, MA 01331, USA",78.26,cbc08758-8664-53de-81e6-ac8a5c562580,3f6472d1-cdbc-4c84-a022-e59c55389c45
College Funding Services LLC,Salem,1970,FIDELITY BROKERAGE SERVICES LLC,"900 Salem St, Smithfield, RI 02917, USA",71.19,de088585-41f7-5b60-9484-11faf9af6fd7,ecb35596-72ce-4ebf-9573-b243c9f2ee72
Keeler Electric Inc,Brookfield,6804,KINVILLE ELECTRIC,"424 Wentworth Rd, Brookfield, NH 03872, USA",72.22,1ae364b4-ee55-5c20-bca6-e8b4c8fc3910,36af1b64-87fe-400c-98d2-8cffada974b8
WATERTOWN TAXI INC,WATERTOWN,2472,GMC OF WATERTOWN,"715 Straits Turnpike, Watertown, CT 06795, USA",70.59,ebf247b2-1c8c-57ee-a8f5-c86592de5c76,27c1ff62-8672-47d4-a7c6-0b3252dd39a7
Marco Construction Corporation,WARWICK,2886,MJRO CONSTRUCTION INC,"64 4E Rang O, Warwick, QC J0A 1M0, Canada",74.51,a5bfac1a-e836-50c9-9747-961c48238733,2dd06cc2-053b-4c0e-83b3-1e77f297a782
ServiceScape Inc,ANDOVER,1810,DURGIN SERVICES,"296 Plains Rd, Andover, NH 03216, USA",70.97,5f0fbc4a-99aa-5af9-adad-f3f313048f07,3a0a89b8-444f-43c7-8b80-2fda9fa51958
D&R Paving and Sealcoating Inc.,WATERBORO,4087,D R PAVING & SEALCOATING,"520 Ossipee Hill Rd, Waterboro, ME 04087, USA",76.36,7610240e-b2bc-5fbb-be97-5979fc4bc20d,87c0a057-2345-471f-8e6a-50bee302f423
J. H. LANDSCAPING AND CONSTRUCTION INC.,SWANSEA,2777,J H LANDSCAPING & CONSTRUCTION,"1102 Sharps Lot Rd, Swansea, MA 02777, USA",84.06,3b3c1b36-5693-545d-8740-07eb1658fbeb,328b6b33-e48c-4431-a250-c48f613f92be
NORTH WILTON ANIMAL HOSPITAL LLC,WILTON,6897,WILTON ANIMAL HOSPITAL,"474 Isaac Frye Hwy, Wilton, NH 03086, USA",81.48,3b145f47-e7db-5589-aa95-6f523ebe2877,e3c5209c-b0fd-40da-b345-b690366c248c
Craig Kidger Carpentry,PLYMOUTH,3264,CENTRAL MAINE CARPENTRY,"219 Etna Rd, Plymouth, ME 04969, USA",71.11,7bca8976-39c1-58fd-a2d0-41b74f848a75,dc4ecd4b-2445-41ef-bbf7-0ca9297647ba
JP Trucking & Excavating,BELLOWS FALLS,5101,P & L TRUCKING INC,"17 Town Farm Rd, Bellows Falls, VT 05101, USA",71.43,43599147-e9ef-5efe-b2a0-22211dc6123c,59f5c8e8-2b61-4d13-b3a0-e177e3982be4
Harvey Auto LLC,MONSON,1057,HARVEY AUTO,"248 Main St, Monson, MA 01057, USA",84.62,6a843729-22b1-5ebc-982d-35ae305929c2,9806a4ee-bb9c-4872-adee-888461bb18b7
J Dinovo Construction LLC,HUDSON,3051,MJC CONSTRUCTION,"225 Darling Rd, Hudson, ME 04449, USA",73.17,8244e5ff-043e-5e35-920c-64677e0f0660,63357078-f5af-4749-a148-5e35c06699b1
Mikes' Auto Service LLC,Haddam,6438,ROB'S AUTO SERVICE INC,"21 Town St, East Haddam, CT 06423, USA",71.11,ca6f98c4-ae61-5df6-b22c-cfeb45121d58,f718d17a-f636-4ed2-8d40-18d44f384708
River Stone Development LLC.,CHARLESTOWN,2813,RIVER STONE DEVELOPMENT & PROPERTIES,"89B Country Dr, Charlestown, RI 02813, USA",75.0,22baf691-3113-5a10-9406-07568be34555,dbe51397-f5b7-472b-8ba3-118a240109fe
River Stone Development LLC.,CHARLESTOWN,2813,RIVER STONE DEVELOPMENT & PROPERTIES,"89B Country Dr, Charlestown, RI 02813, USA",75.0,abcac92a-d4ec-59ed-9c62-f19ebd0d3d4b,dbe51397-f5b7-472b-8ba3-118a240109fe
Rutland Music Inc.,RUTLAND,5701,"RUTLAND NURSERIES, INC.","82 Emerald Rd, Rutland, MA 01543, USA",78.05,97c0681f-55cb-5fcb-bab0-b7bbd4b76da6,48ed2b1d-a3ff-4cb8-af3b-4f2d53d88549
J C Stone Inc,JEFFERSON,4348,J.C. STONE INC.,"539 Rockland Rd, Jefferson, ME 04348, USA",78.57,fe4c8bf7-2a1f-5989-b497-350e04e3b1ef,92b9a1cc-a24a-44f7-9b69-69f9622cf910
Z & M Corporation,Pembroke,2359,LDG CORPORATION,"701 Borough Rd, Pembroke, NH 03275, USA",75.0,1c680cc3-4083-56e5-8b57-79cd7b530478,0fac20bc-96cd-455e-9ac9-2a56a71ac10c
Quality Plumbing & Heating LLC,DAYVILLE,6241,REALL PLUMBING & HEATING,"23 Bartlett Meadow Dr, Dayville, CT 06241, USA",77.78,da3568bb-0bbf-5625-b39f-a9d7e23c2b86,6ff887a6-1234-404a-a81e-db0a2e657e8e
Square Medical Group LLC,Newton,2458,RELIANT MEDICAL GROUP,"24 Newton St, Southborough, MA 01772, USA",71.11,24d9957f-42c4-5dd5-91d6-5c544e59cca3,9995b88a-8db4-4878-8fca-635ca9dcf5ae
Chace Building Supply of CT. Inc.,WOODSTOCK,6281,CHACE BUILDING SUPPLY,"90 CT-171, Woodstock, CT 06281, USA",77.78,1b0c7758-35df-5803-a5bb-fc20c6f7133a,353b32e6-51c4-46f0-8642-bc65a7fd84a2
THOMAS B CARROLL INSURANCE,WORCESTER,1602,MARIA DEBARROS INSURANCE,"38 Worcester St, Taunton, MA 02780, USA",72.0,d6920264-005b-53bf-90a6-a170da3a3d53,9f8fb137-1a55-4ac0-90b7-5be4a2ee5743
Torrington Car Care,TORRINGTON,6790,O&G TORRINGTON QUARRY,"255 Lower Bogue Rd #1, Torrington, CT 06790, USA",70.0,b0ec6a4d-e399-532c-a0e4-2ab71c71a32a,8bc85aaf-c41f-497d-83a3-2c92a4624070
Rutland Music Inc.,RUTLAND,5701,"RUTLAND NURSERIES, INC.","82 Emerald Rd, Rutland, MA 01543, USA",78.05,a514c3a9-89c5-575c-83c5-38abe7522723,48ed2b1d-a3ff-4cb8-af3b-4f2d53d88549
Andover Audio LLC,Andover,1845,ANDOVER LANDSCAPING LLC,"5 Hendee Rd, Andover, CT 06232, USA",75.0,7f85bef1-e0ab-59d4-aa3e-4d2eb560b42c,590d90b5-83bf-4c33-b7cd-ea9a6fa54f6f
LMH Electric LLC,BRISTOL,6010,D HALLE ELECTRIC LLC,"1101 John Smith Hill Rd, Bristol, NH 03222, USA",72.22,aa11a8bc-8c27-53fc-885a-a6301bd4a7fe,bafe6eb5-6386-405e-978c-5f30bf986eef
Peabody Podiatry LLC,PEABODY,1960,PEABODY POND YARD,"420 Peabody Pond Rd, Sebago, ME 04029, USA",70.27,62d351b4-0b7a-57af-bb71-8221a654b4cc,ceeb27e3-780b-4afb-be7e-25d590620658
SPIRIT WELLNESS LLC,SALEM,1970,LANDCRAFT WELLNESS,"3602 County Rte 30, Salem, NY 12865, USA",70.27,adaf7b6d-3640-54d8-9864-198aaf6ebd68,42548df0-0ce2-442f-bccd-5107a1423245
SPIRIT WELLNESS LLC,SALEM,1970,LANDCRAFT WELLNESS,"3602 County Rte 30, Salem, NY 12865, USA",70.27,f0a44abe-1f35-5ecf-9f08-74e12467ac30,42548df0-0ce2-442f-bccd-5107a1423245
NGS Dirt Works,HAMPDEN,1036,NGS DIRT WORKS INC.,"534 Main St Unit 328, Hampden, MA 01036, USA",84.85,876e67ef-fd77-59b0-9bd6-945068c214b2,7bafebd0-fb8b-4d1f-a8fa-8d90042adafd
Kustra Auto Body LLC,LEE,3861,KUSTRA'S AUTO BODY,"128 Wadleigh Falls Rd, Lee, NH 03861, USA",84.21,272ed3dd-1d8e-5da7-8d1b-585149fcfe76,5aab6f9b-dd58-4a91-8eef-f2b2c691fef3
J.M. Serpa Construction LLC,HUDSON,3051,"JIM SCHAIBLE CONSTRUCTION, LLC","684 Oak Hill Rd, Hudson, NY 12534, USA",77.19,9bda7529-e077-5e2e-8deb-c93064f8d6fd,73f47e99-229c-4ade-a8e6-a036ab97f9d4
Nichols Self Storage,LIVERMORE,4253,LIVERMORE SELF STORAGE,"Robinson Rd, Livermore, ME 04253, USA",71.43,580d6c70-ebb7-5d84-b754-a6f187a62efa,ebd94187-27e1-4006-b9c2-7905da755990
J. H. LANDSCAPING AND CONSTRUCTION INC.,SWANSEA,2777,J H LANDSCAPING & CONSTRUCTION,"1102 Sharps Lot Rd, Swansea, MA 02777, USA",84.06,c7c4cbe2-8db0-5375-856f-6f798cd3b32c,328b6b33-e48c-4431-a250-c48f613f92be
VALLEY SPORTS CENTER LLC,CANTON,6019,VALLEY HYDRO PROS LLC,"0 Barbourtown Rd, Canton, CT 06019, USA",71.11,6b223f49-3d66-5c2a-8215-0ed40e7e3fce,ed691522-f993-414b-98d4-034fab552ec7
Village Greenhouses,FRANKLIN,2038,VILLAGE GROOMER,"3194 Franklin Ave, Millbrook, NY 12545, USA",70.59,27a99f99-c8f1-5306-9b91-65ebc77a78e6,077e4d9a-0837-47d7-af8e-29e705096a63
Andrews Plumbing and Heating Co Inc,GLOUCESTER,1930,"DAHMS PLUMBING & HEATING, INC.","116B Cobble Hill Rd, New Gloucester, ME 04260, USA",73.85,861a74ed-28d4-57f0-babf-1e63529c46e9,33e9f852-f291-4634-9eb5-90ad4439a74b
Byram Construction LLC,Hermon,4401,D & D CONSTRUCTION,"672 Newburgh Rd, Hermon, ME 04401, USA",70.0,f22ad7ff-4302-5381-9d08-6e7e70aa7136,5eb9d847-cea9-4675-ab94-b7f204e199ff
Soderquist Construction,DERRY,3038,MAVERICK CONSTRUCTION,"309 Sherwood Forest, Londonderry, VT 05148, USA",72.73,8c143c56-af72-50ab-a9c2-a5a2397816ef,7359a7d6-859b-4080-9000-d14da4f020ba
AMPL CORPORATION,Salem,1970,ANALOGIC CORPORATION,"Northeastern Blvd, Salem, NH 03079, USA",77.78,cf007529-ee80-5a8e-b56c-66359d3bde9d,e7982904-6252-4667-814d-602b9f41a64b
Front Line Power Solutions LLC,BRISTOL,2809,COASTLINE PROPERTY SOLUTIONS,"17 Bay Woods Rd, Bristol, ME 04539, USA",72.41,8661f7a6-ada3-5364-b029-a94aff46b5c4,88e58bf0-395d-42d9-874f-d94e657fb349
East Windsor Noble Inc.,EAST WINDSOR,6088,EAST WINDSOR HIGH SCHOOL,"76 S Main St, East Windsor, CT 06088, USA",72.34,311d22ec-5727-576b-a4ed-f9e01975fb67,b5e1e958-8c15-4cac-8934-74dbc1765471
Electrical Power Solutions LLC,HARTFORD,6106,WESTCOTT ELECTRICAL LLC,"1253 Main St, Hartford, ME 04220, USA",75.47,44051a34-4e3f-57c8-a91d-d0653ff066b8,95058e84-991a-49be-8d04-dd28670ea24d
Troy Brehaut & Family Trucking,WINN,4495,HERB BREHAUT & SONS TRUCKING INC,"66 US-2, Winn, ME 04495, USA",70.97,66aa133d-b75d-5d91-a773-a550b56c0729,60ccdba9-44bb-43c7-8324-650edb0cafab
d/b/a Michael's Service Station LLC,CHARLTON,1507,MICHAEL'S SERVICE STATION,"190 Brookfield Rd, Charlton, MA 01507, USA",83.33,91f5ae6d-f809-5c10-96fe-82690f4bff70,ca1dd18b-0dd4-43b1-a223-699193319cdc
Hanley Construction LLC,Willington,6279,HIPSKY CONSTRUCTION LLC,"250 Moose Meadow Rd, Willington, CT 06279, USA",82.61,783b0d32-a4d1-5d31-9b5f-7c1523d73bb4,0faf7ed0-c74b-40cc-813a-8704bec7501b
GREENFIELD AUTO WRECKING,Greenfield,1301,GREENFIELD AUTO SALVAGE,"392 Deerfield St, Greenfield, MA 01301, USA",72.34,75d97d1a-295d-5179-871c-c584df587137,c43a9b98-6613-41bf-bf55-0c3f7a244896
Boston Motor Werks LLC,Belmont,2478,BELMONT MOTOR WORKS LLC,"176 Yale Rd North, Belmont, VT 05730, USA",80.0,36408b40-79f1-5f8f-b719-ddbb42c2faa0,0c9b23da-6d68-474b-992d-a146b81194dc
Ramtel Corporation,JOHNSTON,2919,JR VINAGRO CORPORATION,"2208 Plainfield Pike, Johnston, RI 02919, USA",70.0,b3fc17f5-f254-5d4d-932a-c1def198944c,a47c0395-fdee-429b-b0c6-016ab6eef281
Karalis Construction Inc,DEDHAM,2026,MAINE-LY CONSTRUCTION,"575 Bald Mountain Rd, Dedham, ME 04429, USA",71.11,b9e3a910-be5b-5a18-867a-0688fce3f00a,94e19a05-ee25-4f45-a92a-b067766ad940
J & J Auto Care LLC,NORTH HAVERHILL,3774,J&J AUTO CARE,"585 Benton Rd, North Haverhill, NH 03774, USA",75.0,a80c212a-352f-5203-92bc-23b3bba7c20e,7c8a1134-0caf-4c98-a70b-5e22c290bb6d
Ace Wellesley Hardware,WELLESLEY,2482,WELLESLEY MAZDA,"965 Worcester St, Wellesley, MA 02482, USA",70.27,035f7b48-2c96-5429-bd84-2048b59d7bfe,a163edd6-c611-4c7e-a156-9f9b47195f64
McNamara-Sparrell Funeral Homes,NORWELL,2061,MCNAMARA SPARRELL FUNERAL SERVICES,"30 Central St, Norwell, MA 02061, USA",73.85,2ea1d3e4-178f-56f9-ac6c-a286e56e3014,31c2298a-7678-47af-a1ad-30fee0662af9
McNamara-Sparrell Funeral Homes,NORWELL,2061,MCNAMARA SPARRELL FUNERAL SERVICES,"30 Central St, Norwell, MA 02061, USA",73.85,98390ac1-7605-5f38-a1ec-83e5952079a2,31c2298a-7678-47af-a1ad-30fee0662af9
Washington Village Store LLC,Washington,5675,WASHINGTON VILLAGE SCHOOL,"72 School Ln, Washington, VT 05675, USA",79.25,ef31b017-3c51-5ff2-9436-15b78cfcb42b,e40602a9-2b97-48b7-8d5a-c079e962cd07
Life Medi Spa PLLC,Meredith,3253,LIFE MEDI SPA,"3 Winona Rd #1B, Meredith, NH 03253, USA",83.87,af677e6f-42ae-5f2c-ac88-5b2059a908c5,5daa8df1-161e-4514-b6ee-5872d8e606ca
Jay El Enterprises,SALEM,1970,CARE FOX ENTERPRISE,"3904 County Rte 30, Salem, NY 12865, USA",70.27,e6900939-3962-5b86-9efb-dc4340e3dad2,87c5b5cb-0c14-40b2-9042-fea33aa6b978
Vaillancourt Transport LLC,Enosburg Falls,5450,VAILLANCOURT REPAIRS LLC,"2003 Tyler Branch Rd, Enosburg Falls, VT 05450, USA",80.0,745c5ea9-3128-5ea4-a11d-04e4cdbec68c,7af95cf4-8832-40de-857e-777c3a6b7089
W.H. Lesch Plumbing Heating & Gas,MILFORD,1757,GEARY'S PLUMBING & HEATING LLC,"19 Wood Creek Rd, New Milford, CT 06776, USA",79.37,54bb9b49-c46a-50c2-a9a8-5fa67690180e,6dc207bf-d6dd-4d5e-86b0-d70c4e385cb4
The Chatham Bag,CHATHAM,2633,CHATHAM AGWAY,"1806 2574, 2574 NY-66, Chatham, NY 12037, USA",71.43,d70df29f-e4b2-5c76-9502-8c612081dffa,783ceb46-a498-419a-918a-a97f7eb1936a
Village Tie Up Market Deli Ice Cream and Fun LLC,Harrison,4040,VILLAGE TIE UP MARKET & DELI,"29 Main St, Harrison, ME 04040, USA",71.05,5e2fbcd8-68ee-5ee7-a4d1-f71705774f3a,8eb3f0de-981b-49d7-8953-c66e2e1a89bd
COASTAL PHYSICAL THERAPY LLC,HARRINGTON,4643,COASTAL PHYSICAL THERAPY SERVICES,"1110 E Main St, Harrington, ME 04643, USA",78.69,c41c05e6-a991-5821-968d-1b0dc0c061dd,1f1a4be9-beb2-4c36-8f44-669418da4be2
Off The Beaten Trail LLC,WEST BURKE,5871,OFF THE BEATEN TRAIL CANINE FACILITY,"209 Marylyn Ln, West Burke, VT 05871, USA",73.33,2e3a3975-5667-5d76-9201-7075a0aa734a,44e3a90e-6af9-4372-94dd-b017c38b45ff
BRISTOL FAMILY DENTAL PC,Bristol,6010,BRISTOL FAMILY CENTER,"16 Orchard Terrace, Bristol, VT 05443, USA",80.0,5ca34963-fbf1-5e46-8177-6b4a9d530cfb,bdc1aa6a-b408-48c3-9f77-5927aaa4a74c
SOMERSWORTH HV INC,Somersworth,3878,SOMERSWORTH NISSAN,"285 NH-108, Somersworth, NH 03878, USA",77.78,9559da79-c166-5f05-88fc-43adb04ad08f,7da56a53-b533-4277-95c4-6b3be60b0c89
The Quimby Childcare Center Inc.,Norridgewock,4957,THE QUIMBY CHILD CARE CENTER,"29 Waterville Rd, Norridgewock, ME 04957, USA",76.67,08444c22-4114-5892-856f-101859193090,7c1f2d06-d12b-4943-a642-9dd476c79dd3
Alpine Lawn and Landscape LLC,BRISTOL,6010,BUTLER LAWN AND LANDSCAPE LLC,"1407 Hardscrabble Rd, Bristol, VT 05443, USA",75.86,5be7041e-baca-526d-b572-79aa2e6cc357,71614c7e-a2d6-4efe-abaa-ddf38516120a
Dino's Construction,DERRY,3038,MAVERICK CONSTRUCTION,"309 Sherwood Forest, Londonderry, VT 05148, USA",70.0,3af9f218-2abd-5f06-b747-4c1af6a17ed3,7359a7d6-859b-4080-9000-d14da4f020ba
WENTWORTH FAMILY GROCERY,NORTHPORT,4849,WENTWORTH FAMILY GROCERY (NORTHPORT),"655 Atlantic Hwy, Northport, ME 04849, USA",80.0,171d6df4-a70e-507d-b726-85d66e066011,375d8922-efd2-48de-898e-9d8196e06b30
Pace Motor Lines Inc & Subsidiary,STRATFORD,6615,PACE MOTOR LINES INC,"1425 Honeyspot Road Ext, Stratford, CT 06615, USA",75.47,45c77745-50e8-5652-8746-50544e3c1b9f,d4b14a1c-455c-417d-86b1-8dde9efba3b7
MGR Electrical Contracting Incorporated,Haverhill,1832,"PREMIER ELECTRICAL CONTRACTORS, LLC","71 Barber Rd, North Haverhill, NH 03744, USA",70.27,5a02812a-8e60-5887-ac9b-9b0969e83b99,55bbbe2c-501a-4843-ba39-a820b85169d7
BNRHampton LLC,HAMPTON,3842,HAMPTON HILL FARM,"924 Pomfret Rd, Hampton, CT 06247, USA",70.97,61964729-a257-54de-9cd3-acd67b80c80e,5b781b5b-eeb1-41ea-b0ea-499321d073f8
EPC Corporation,Middleborough,2346,FEENEY CORPORATION,"426 Wareham St, Middleborough, MA 02346, USA",78.79,81052238-1f50-5ca8-8388-903835e17fbc,73cf19e4-b441-40d6-9ddd-d54768ce4594
POFF CONSTRUCTION LLC,MILTON,2186,CONSTRUCTION DCF INC,"311 5em rang de milton, Roxton Pond, QC J0E 1Z0, Canada",73.17,85dae893-d3f2-53d9-84c1-91d3ca7bb086,c0a2e974-9d8b-4e92-81fc-59e696c255b8
The Builders,ORLAND,4472,ORCUTT BUILDERS,"1172 Bald Mountain Rd, Orland, ME 04472, USA",74.07,38a095b8-f2e7-5a8b-b9ed-d15fffb0ed94,701a84ad-7f26-4f11-b29f-7184034aa8e3
The Builders,ORLAND,4472,ORCUTT BUILDERS,"1172 Bald Mountain Rd, Orland, ME 04472, USA",74.07,677e4a2d-947e-5d7d-8828-65a9135aef81,701a84ad-7f26-4f11-b29f-7184034aa8e3
Village Greenhouses,FRANKLIN,2038,VILLAGE GROOMER,"3194 Franklin Ave, Millbrook, NY 12545, USA",70.59,8907bc9c-cf0d-5e66-b126-d11c01f54520,077e4d9a-0837-47d7-af8e-29e705096a63
MANTER CONSTRUCTION OF MAINE I,Sidney,4330,MANTER CONSTRUCTION-MAINE INC,"92 Iris Ln, Sidney, ME 04330, USA",81.36,86ca1cf7-7965-5ffc-8c32-5b89f9ab1d2f,738d56fc-5876-4b33-989f-86e1ef0ca8e2
River Stone Development LLC.,Charlestown,2813,RIVER STONE DEVELOPMENT & PROPERTIES,"89B Country Dr, Charlestown, RI 02813, USA",75.0,3ecac468-aa96-562c-827e-d02079a94a8e,dbe51397-f5b7-472b-8ba3-118a240109fe
Walker Motors Inc.,BARRE,5641,WHITE VALLEY MOTORS INC.,"843 Worcester Rd, Barre, MA 01005, USA",71.43,74f2066f-14a6-56d1-99b8-433b63eaa9af,beeeb0e7-e6dd-4e14-a3d4-54f07823c139
EMMA MARIE&apos;S GROOMING &amp; DAYCARE LLC,MATTAPOISETT,2739,EMMA MARIE'S GROOM & DAYCARE,"19 County Rd, Mattapoisett, MA 02739, USA",75.0,53e3ddd3-ef0b-54a4-a708-529cbd5e549e,b8d7bdc4-c268-45ee-9543-59148d0e6b12
Onyx Corporaton,ACTON,1720,INSULET CORPORATION,"100 Nagog Park, Acton, MA 01720, USA",70.59,375ccb01-e585-5cee-a106-b9ce8f7a8849,6434763d-3698-4b79-8984-0e0743ba930e
CJM Construction Co. Inc.,MILFORD,1757,CONSIGLI CONSTRUCTION CO INC,"72 Sumner St, Milford, MA 01757, USA",79.25,27b65552-b13c-5519-a467-9fba5aad799c,63044489-1583-4cd7-bd32-60e3d732090e
Crestone LLC,HANOVER,3755,CREARE LLC,"16 Great Hollow Rd, Hanover, NH 03755, USA",72.73,a2a076b8-2d40-5f03-8675-f824e7d6cd86,0aaad4cf-d897-463d-b25d-906e288fc7ea
Pace Motor Lines Inc & Subsidiary,STRATFORD,6615,PACE MOTOR LINES INC,"1425 Honeyspot Road Ext, Stratford, CT 06615, USA",75.47,1c99eabe-001e-5a70-8160-6c51a12903be,d4b14a1c-455c-417d-86b1-8dde9efba3b7
Advantage III Plumbing & Heating,Winthrop,2152,EMOND PLUMBING & HEATING,"555 Winthrop St, Taunton, MA 02780, USA",71.43,8ee9dec8-3bb6-503a-af11-144008fd45eb,ce41e837-d766-4f78-b0ff-0dada2107f8c
Jenkins Auto Repair LLC,Milton,5468,IMPACT AUTO REPAIR LLC,"383 Murray Ave, Milton, VT 05468, USA",75.56,d979699f-cd51-52a0-ada6-a9e4f01a568c,b75186f1-2ca7-4c49-9f82-4da32fae41b1
Nasr Enterprises LLC,Chester,3036,WOLFE ENTERPRISES,"163 N Chesterville Rd, Farmington, ME 04938, USA",70.27,6339e16a-562f-5cdf-b706-ea905b747f4e,6e2b864a-2fbe-43b4-b631-a78e1247332a
Western Maine Auto Parts Inc.,Fryeburg,4037,WESTERN MAINE TIMBERLANDS INC.,"278 Mc Neil Rd, Fryeburg, ME 04037, USA",71.19,83860f12-045f-5a38-85c8-408b7d3c4003,2307b476-9e77-4ed6-a560-c8953d66385b
MGR Electrical Contracting Incorporated,Haverhill,1832,"PREMIER ELECTRICAL CONTRACTORS, LLC","71 Barber Rd, North Haverhill, NH 03744, USA",70.27,431b7e15-20b8-5608-b47e-93897a92371e,55bbbe2c-501a-4843-ba39-a820b85169d7
Bay State Tree Service,PEMBROKE,2359,UNITED STATES POSTAL SERVICE,"475 US-1, Pembroke, ME 04666, USA",72.0,a6a37644-d1d8-5e04-9ad3-ba5aa47e1ab4,e2010dc5-9568-463e-9d5d-59ba037ba285
POFF CONSTRUCTION LLC,MILTON,2186,CONSTRUCTION DCF INC,"311 5em rang de milton, Roxton Pond, QC J0E 1Z0, Canada",73.17,2d8e41fe-b61b-5c5a-baeb-1eefe12a23e7,c0a2e974-9d8b-4e92-81fc-59e696c255b8
Trio Construction Inc.,RAYMOND,3077,UBORA CONSTRUCTION,"1867 Rte de Chute Panet, Saint-Raymond, QC G3L 4P8, Canada",70.0,9b234016-9e01-5fe9-9525-4926133d63f7,2c3c6950-278b-44bc-a607-8af4ec53da24
MANTER CONSTRUCTION OF MAINE I,AUGUSTA,4330,FRANK MONROE CONSTRUCTION,"183 Augusta Rd, Whitefield, ME 04353, USA",72.73,e3f9a5e6-f5f9-5916-9324-f1f1b5f8bc0f,1dfbdce7-377f-4f51-8165-cfbde90900ae
SOUTHINGTON LAWN CARE LLC,Southington,6489,SOUTHINGTON CARE CENTER,"45 Meriden Ave, Southington, CT 06489, USA",75.0,82d522a5-1aa7-5c10-9145-50af41296176,46c9350b-3842-4742-a7cf-49039987cc43
Central Rock Gym Watertown LLC,Worcester,1606,CENTRAL ROCK GYM - WORCESTER,"299 Barber Ave, Worcester, MA 01606, USA",72.41,8413d055-b711-5ec4-ad4e-0f7e366c4f44,96586684-fa77-44a3-a30a-f0e79b0c9d0f
Hachey Auto Enhancing Inc.,LEVANT,4456,"HACHEY'S AUTO ENHANCING, INC., LEVANT, ME","45 Kenduskeag Rd, Levant, ME 04456, USA",77.61,6b9f7fd1-5f9c-5f2d-84ad-de4c32588d38,ef758109-b1ba-40d1-b4df-920a1190a39d
SM Celino Transport LLC,MONROE,3771,KNM TRANSPORT INC,"140 Buffum Rd, Monroe, NH 03771, USA",75.0,752ca6e6-2af5-5360-8dce-71cb68dc8b6e,40f529a9-99d8-440b-b78f-b8b63ab6b277
Norwood Swim School LLC,Norwood,2062,NORWOOD HIGH SCHOOL,"245 Nichols St, Norwood, MA 02062, USA",71.43,fc42cc1f-5a4d-5386-ab3f-9b62caac5855,37a43614-d102-48bc-a6a1-5dfd53332047
K & J Enterprises LLC,PORTSMOUTH,3801,"REP ENTERPRISES, LLC","747 Portsmouth Ave, Greenland, NH 03840, USA",73.17,6f177ffa-9cf4-527c-a110-65468afdbb46,7adbf78e-66d8-467b-ad55-915377f1a354
Curves of Watertown,WATERTOWN,6795,GMC OF WATERTOWN,"715 Straits Turnpike, Watertown, CT 06795, USA",80.0,ba974c29-8347-56de-9c4f-7c5cd82093c8,27c1ff62-8672-47d4-a7c6-0b3252dd39a7
NEW IMAGE AUTO,Higganum,6441,"NEW IMAGE AUTO, LLC","969 Killingworth Rd, Higganum, CT 06441, USA",84.85,2102c42b-c18c-531a-8253-506e49e9cd05,e69c7f69-a468-48ad-a217-b9d5a4d77abc
FOUR ELEMENTS HAIR SALON & SPA INC,WESTPORT,2790,FOUR ELEMENTS SALON & SPA,"632 State Rd, Westport, MA 02790, USA",84.75,69d2e615-585b-5091-a0ec-287ce21156a1,39fe1113-43bb-4398-82c9-4acf64c24b98
JF Electrical Services Inc.,MILTON,2186,MILTON ELECTRICAL SERVICES,"478 Lake Rd, Milton, VT 05468, USA",83.02,0e12ec59-1e9e-5039-925e-8ba4fb403462,2b9fccaf-db66-48b4-897c-f2f035f3e4f3
MURPHY CONSTRUCTION,Stoneham,2180,DTP CONSTRUCTION INC,"1391 Av. Tewkesbury, Stoneham-et-Tewkesbury, QC G3C 3A7, Canada",71.79,f0e0da01-2e22-5454-8782-26c05599a6a5,d9c7747d-d0a8-413d-a87b-7c7684b0e689
Troy Brehaut & Family Trucking,WINN,4495,HERB BREHAUT & SONS TRUCKING INC,"66 US-2, Winn, ME 04495, USA",70.97,2dc9cc9b-d7fa-5290-bf21-39bf8b256297,60ccdba9-44bb-43c7-8324-650edb0cafab
Troy Brehaut & Family Trucking,WINN,4495,HERB BREHAUT & SONS TRUCKING INC,"66 US-2, Winn, ME 04495, USA",70.97,0400120b-7a62-51de-9af1-1c6ab8cd0b30,60ccdba9-44bb-43c7-8324-650edb0cafab
TA FITNESS LLC,WEYMOUTH,2188,PLANET FITNESS,"944 Middle St, Weymouth, MA 02188, USA",71.43,5be64354-bba1-5317-a9b8-b43190cd72da,1bb27939-d7b6-4c0b-a5dc-d67a95011a6d
TA FITNESS LLC,WEYMOUTH,2188,PLANET FITNESS,"944 Middle St, Weymouth, MA 02188, USA",71.43,133763dc-55e4-5e3b-b42f-120c8056ee83,1bb27939-d7b6-4c0b-a5dc-d67a95011a6d
Brenner Facility Services LLC,SALEM,1970,FIDELITY BROKERAGE SERVICES LLC,"900 Salem St, Smithfield, RI 02917, USA",80.0,63ee82ad-201e-5870-9041-ae5c51decece,ecb35596-72ce-4ebf-9573-b243c9f2ee72
Barrington Shores LLC,BARRINGTON,3825,BARRINGTON SHORES CAMPGROUND,"7 Barrington Shores Dr, Barrington, NH 03825, USA",77.55,bc1bc7ec-2980-5bd3-bf49-1b198ffa9642,5172e42d-bad4-4531-855d-fe4e11346475
OSTERVILLE MARKET PARTNERS INC.,Osterville,2655,OSTERVILLE PRIMARY CARE,"770 Main St, Osterville, MA 02655, USA",70.37,e6d2a932-a512-53bf-ad42-5d36737e7b54,f2a041ec-e60b-439e-8ddd-4a178966bb2a
Alpine Lawn and Landscape LLC,BRISTOL,6010,BUTLER LAWN AND LANDSCAPE LLC,"1407 Hardscrabble Rd, Bristol, VT 05443, USA",75.86,4176e974-6929-5a77-92cc-533b9cdfcff2,71614c7e-a2d6-4efe-abaa-ddf38516120a
S & T Electrical Inc.,LONDONDERRY,3053,ED'S ELECTRIC INC.,"4197 VT-11, Londonderry, VT 05148, USA",71.79,50ed635b-7f1a-5c37-a170-bf004a67f8ef,389fa176-02ef-4d1b-ab7a-8850b4a5858c
A.C. Parsons Landscaping & Garden Center,BERNARD,4612,A C PARSONS LANDSCAPING,"71 Richtown Rd, Bernard, ME 04612, USA",73.02,708edd61-65ce-5f69-ae54-53e14516963b,964cd387-6416-4e35-8778-59c9f0ffb884
Corso Construction Corp,HUDSON,1749,MJC CONSTRUCTION,"225 Darling Rd, Hudson, ME 04449, USA",71.79,10738e19-3e8b-52d9-979b-ede2bca47248,63357078-f5af-4749-a148-5e35c06699b1
Marc C. Taylor,Thornton,3285,MARC TAYLOR ELECTRICIAN,"Upper Mad River Rd, Thornton, NH 03285, USA",70.27,c1f96c55-1fd7-57cd-826f-c7a67403824c,b9720c23-e6cf-41af-9675-767b0f5494b3
Iron Construction Group LLC,WARWICK,2886,CONSTRUCTION GOUIN,"4 Rue Louis-Payer, Warwick, QC J0A 1M0, Canada",80.0,db96a847-7512-5a17-9833-780a3c447963,2e96ee7d-e81c-46ec-bd5e-98c8bb4de59a
Ardent Enterprise Inc.,CAMBRIDGE,2140,CARE FOX ENTERPRISES,"60 North Park Street, Cambridge, NY 12861, USA",71.43,35c7b045-bf8f-5879-a9e9-94b6ddb2ca63,f5d0bd67-cf8f-4d31-9c2e-4bbd59f68c46
Waterville Estates Realty Acquisition LLC,CAMPTON,3223,WATERVILLE ESTATES REALTY,"548 Winterbrook Rd, Campton, NH 03223, USA",75.76,cc12e5bf-11bc-57cd-9022-5115ec4cccb6,21ea7511-204e-4595-af67-6e8b24112f5c
Z & M Corporation,Pembroke,2359,LDG CORPORATION,"701 Borough Rd, Pembroke, NH 03275, USA",75.0,8531c5e1-becd-5607-85a1-512c9fbf1f50,0fac20bc-96cd-455e-9ac9-2a56a71ac10c
BM McNamara FUNERAL SERVICESInc.,NORWELL,2061,MCNAMARA SPARRELL FUNERAL SERVICES,"30 Central St, Norwell, MA 02061, USA",75.76,f6740ee4-dcd9-54ee-ba85-5211aa69bf74,31c2298a-7678-47af-a1ad-30fee0662af9
Nichols Self Storage,LIVERMORE,4253,LIVERMORE SELF STORAGE,"Robinson Rd, Livermore, ME 04253, USA",71.43,0d25089f-c753-5452-ab24-163191830794,ebd94187-27e1-4006-b9c2-7905da755990
Canty Construction LLC,West GARDINER,4345,BOWER CONSTRUCTION LLC,"557 Hallowell Litchfield Rd, West Gardiner, ME 04345, USA",77.27,787a9d7e-5e45-53bc-8283-228bf5f589c0,6344f220-4df6-4aeb-9836-11d9e7b35af3
Life Medi Spa PLLC,Meredith,3253,LIFE MEDI SPA,"3 Winona Rd #1B, Meredith, NH 03253, USA",83.87,7d18d771-a7b2-5f96-a85d-2e721dcdd2d4,5daa8df1-161e-4514-b6ee-5872d8e606ca
Iron Construction Group LLC,WARWICK,2886,CONSTRUCTION GOUIN,"4 Rue Louis-Payer, Warwick, QC J0A 1M0, Canada",80.0,7e4a1275-ed8a-5b03-9b9f-8920e6c80588,2e96ee7d-e81c-46ec-bd5e-98c8bb4de59a
Wally's Landscaping Inc,HUDSON,1749,DESIGN WORKS LANDSCAPING,"125 Wason Rd, Hudson, NH 03051, USA",72.34,c027247e-040b-5ae1-989c-5871a8457282,5fc8a848-88c7-464d-998c-2a7dbaa6e589
Milford Swim School Corporation,Milford,1757,GOLDFISH SWIM SCHOOL - MILFORD,"350 E Main St, Milford, MA 01757, USA",72.13,e4d134a9-373d-5e27-945d-56843624e1fe,739e1e62-4566-4711-af03-633f4351240a
Diversified Mobile Services Inc.,NORTH KINGSTOWN,2852,DIVERSIFIED SERVICES,"230 Dry Bridge Rd, North Kingstown, RI 02852, USA",76.92,2c527ccc-391a-5db2-8c6c-b4895aafb137,05eba8e4-eda9-4725-9971-52c4308fd3e9
Diversified Mobile Services Inc.,NORTH KINGSTOWN,2852,DIVERSIFIED SERVICES,"230 Dry Bridge Rd, North Kingstown, RI 02852, USA",76.92,c2d38cf5-c3b4-5f46-a26e-23889cc542d6,05eba8e4-eda9-4725-9971-52c4308fd3e9
Fisher Contracting Corporation,Worcester,1603,STERLING CONCRETE CORPORATION,"194 Worcester Rd, Sterling, MA 01564, USA",71.19,c14e35ed-20be-534d-8559-0df6433e0dd2,068dd354-a906-4e9e-8ef8-c4887d543b25
490 Cherry Brook LLC,CANTON,6019,CHERRY BROOK KENNELS,"490 Cherry Brook Rd, Canton, CT 06019, USA",70.0,70f4e77b-4676-5c42-a8aa-8147b9716700,dbf8823e-d24e-428c-9753-d87af78591a7
HUTCH BROS CONCRETE CORPORATION,EAST BARRE,5649,HUTCH BROTHERS CONCRETE,"176 Mill St, East Barre, VT 05649, USA",70.37,9e59f650-6ec5-555d-878a-9712a8f103e1,e9e46075-ec2d-4705-bc01-8570764fedd0
eurO-K LLC,Benton,4901,EURO-K,"200 Neck Rd, Benton, ME 04901, USA",75.0,82ef70ef-63f3-5de6-9ddd-94e042c0349c,c3c5ae78-a7ff-4e3f-8c06-adef621e4ab8
MetroWest Internal Medicine P.C.,FRAMINGHAM,1701,METROWEST MEDICAL CENTER,"115 Lincoln St, Framingham, MA 01702, USA",71.43,faee8296-4f59-5cb7-aab3-801c317f8b08,03fe8c5d-73cc-4939-b489-9f67c419048c
A.C. Parsons Landscaping & Garden Center,Bernard,4612,A C PARSONS LANDSCAPING,"71 Richtown Rd, Bernard, ME 04612, USA",73.02,0fcedf13-0343-5edd-a198-9e3b73e76779,964cd387-6416-4e35-8778-59c9f0ffb884
JP AUTO BODY,DORCHESTER,2124,BROWNS AUTO BODY,"59 N Dorchester Rd, Wentworth, NH 03282, USA",71.43,3bc3a5b6-70b9-515e-aed9-ded23312db22,9a8f6d08-bc7e-4916-bf5e-a005bf6faa72
Salmon Falls Nursery Inc.,BERWICK,3901,SALMON FALLS NURSERY & LANDSCAPING,"511 Portland St, Berwick, ME 03901, USA",77.97,9b85405c-8986-5697-879e-134db5f22732,2f9bf919-b73f-47e3-a2b7-8fd95f2df7d5
Quad Construction LLC,Nashua,3063,ASHER CONSTRUCTION LLC,"77 Nashua Rd, Sharon, NH 03458, USA",74.42,e3c7d895-2963-567c-8c94-7570542ab54f,70045617-63c5-4e2c-8682-da3e56b1efaa
North End Landscaping & Property Maintenance Inc.,CARIBOU,4736,"NORTH END LANDSCAPING & STONE SUPPLY, INC.","1078 Presque Isle Rd, Caribou, ME 04736, USA",70.33,085badf2-623d-5be3-b7b1-012dd2af5148,b6da3ee3-ebed-4516-b1c8-e2485228abfd
Zander Corporation,MIDDLEBORO,2346,FEENEY CORPORATION,"426 Wareham St, Middleborough, MA 02346, USA",77.78,aba0519c-aa48-5275-a000-b92c67155764,73cf19e4-b441-40d6-9ddd-d54768ce4594
JBJ Corporation,Springfield,5156,IVEK CORPORATION,"10 Fairbanks Rd, North Springfield, VT 05150, USA",77.42,063dc2f7-dcbe-52c3-95b7-83effbc51801,69a166ad-c250-4de2-9f32-f99e5d76f33d
Concord Homes,EPSOM,3234,CONCORD HOME SALES,"405 Suncook Valley Highway South Rte. 28 South, across from, Webster Park, Epsom, NH 03234, USA",83.87,8d65597d-0da2-5c98-9f5c-bd364480b79e,dd8223f0-2717-47de-81d7-6c0713a8e057
Berlin Spring Inc.,Berlin,3570,BERLIN MINI STORAGE,"82 Jericho Rd, Berlin, NH 03570, USA",70.27,0738e5d7-ee16-56ef-86c9-73812180aa45,423f1b42-e3b3-418f-ba90-87e0df6c1077
Maust Construction LLC,Amherst,3031,SCHWANZ CONSTRUCTION,"10 Northern Blvd STE 12, Amherst, NH 03031, USA",71.43,fd9a9a4d-91ec-5804-abe3-62455bf2e666,fc844561-203c-43c9-9d09-42df19ea63f1
K.G. Lee Corporation,SHREWSBURY,1545,LEI CORPORATION,"200 Shrewsbury St, Boylston, MA 01505, USA",80.0,dea71b1c-310e-50c5-9d3a-7402059ad709,aaeea229-0ffc-43f5-b621-e652b2113ee6
CLT Development Holdings LLC,Fairfield,6824,DSB BUILDING DEVELOPMENT LLC,"6 Deer Ln, New Fairfield, CT 06812, USA",71.43,eb760a42-eab7-5ba0-84e2-b672875d0353,82087be4-98a0-42b4-9c86-b7c46a91c611
Wally's Landscaping Inc,HUDSON,1749,DESIGN WORKS LANDSCAPING,"125 Wason Rd, Hudson, NH 03051, USA",72.34,431bebd7-90f3-53cf-baec-f242b1cdb78d,5fc8a848-88c7-464d-998c-2a7dbaa6e589
Maust Construction LLC,Amherst,3031,SCHWANZ CONSTRUCTION,"10 Northern Blvd STE 12, Amherst, NH 03031, USA",71.43,2947395e-9626-56e6-a2e7-bbe758736e8b,fc844561-203c-43c9-9d09-42df19ea63f1
Redpoint Physical Therapy Inc,PLYMOUTH,2360,LONG POND PHYSICAL THERAPY,"6 Greenside Way S, Plymouth, MA 02360, USA",80.0,8e89b3d0-7492-5927-a57b-1a81c3100681,639fc10d-fb82-46df-b95c-905bd145872b
Redpoint Physical Therapy Inc,PLYMOUTH,2360,LONG POND PHYSICAL THERAPY,"6 Greenside Way S, Plymouth, MA 02360, USA",80.0,58fd38f7-e271-5d27-859e-281db8358b64,639fc10d-fb82-46df-b95c-905bd145872b
B. Davis Contruction Co. LLC,PETERBOROUGH,3458,HARRIS CONSTRUCTION CO,"177 Sharon Rd, Peterborough, NH 03458, USA",72.0,0199c356-54ad-5f8f-8a45-a4e58f4485c2,b5c41322-aaf0-45bb-9f20-c9f9a639f86e
Barrows Contracting Incorporated,UPTON,1568,BARROWS CONTRACTING INC.,"37 North St, Upton, MA 01568, USA",82.14,6d178a08-bcee-5b5e-8324-1d337f250b13,22eff3f9-0a1a-43da-b8d4-ca99e4fd8735
Cambridge Montessori School Inc.,CAMBRIDGE,2140,CAMBRIDGE CENTRAL SCHOOL,"24 S Park St, Cambridge, NY 12816, USA",75.0,72eb8331-a565-5ff2-8a93-a22b19f7935e,47926912-40e4-4048-94d9-c5fd31415cd7
Boston Road AC LLC,Sutton,1590,BOSTON ROAD ANIMAL CLINIC,"239 Boston Rd, Sutton, MA 01590, USA",74.42,ceb03552-a815-5270-a0a0-748001c0d23f,573d2f15-6658-4c9c-9cd3-482acde3ccc8
Everett Package Inc,Everett,2149,EVERETT PROPANE INC.,"1 Everett Rd, West Paris, ME 04289, USA",76.92,31aeb39f-dbd8-5cc0-a417-f72be3e0ff17,26aff392-9313-4aad-973c-91a10c49ddbf
Gauthier Plumbing & Heating LLC,New Gloucester,4260,"DAHMS PLUMBING & HEATING, INC.","116B Cobble Hill Rd, New Gloucester, ME 04260, USA",75.41,2a32f285-6603-5bcd-a925-1a39734e8e8a,33e9f852-f291-4634-9eb5-90ad4439a74b
WB Construction LLC,Waterbury,6704,"WALKER CONSTRUCTION, INC.","5950 Waterbury-Stowe Rd, Waterbury Center, VT 05677, USA",72.73,d45eb73a-2c98-50f3-bd97-a8ce1fe60875,84f18e63-c58f-4f20-818c-69e483248f18
Teamwork Physical Therapy Inc,Plymouth,2360,LONG POND PHYSICAL THERAPY,"6 Greenside Way S, Plymouth, MA 02360, USA",72.73,6873924d-d0d3-5be9-b271-40339856670f,639fc10d-fb82-46df-b95c-905bd145872b
Barrington Power LLC,BARRINGTON,3825,BARRINGTON EYE CARE,"789 S Main St STE 3, Great Barrington, MA 01230, USA",71.79,5bb91612-5481-5e65-92ca-4001b37cf363,00bd90bb-a8c3-4cec-ad69-f6c86c513d1a
Off The Beaten Trail LLC,WEST BURKE,5871,OFF THE BEATEN TRAIL CANINE FACILITY,"209 Marylyn Ln, West Burke, VT 05871, USA",73.33,5db92156-576f-5ef4-89be-bf9c54b13bd9,44e3a90e-6af9-4372-94dd-b017c38b45ff
Fredo Landscaping LLC,WINDSOR,6095,ZACH EDGE LANDSCAPING LLC,"28 Hilltop Cir, Windsor, NH 03244, USA",78.26,9ef1fc5b-1950-530e-8fa1-744306521404,eea06a4f-5930-4417-84c6-0af09b0c1d8c
Portland Tint Inc.,PORTLAND,4102,"PORTLAND SAFE, INC","235 Portland Rd, Gray, ME 04039, USA",72.22,65f9d081-5e47-567c-9134-0c27bff326d4,a368fe3f-d617-4852-a8f7-15ac26616649
River Stone Development LLC.,CHARLESTOWN,2813,RIVER STONE DEVELOPMENT & PROPERTIES,"89B Country Dr, Charlestown, RI 02813, USA",75.0,d90853bc-5282-5cf0-9d1e-4220670c434f,dbe51397-f5b7-472b-8ba3-118a240109fe
Granite State Physical Therapy Leasing LLC,Hooksett,3106,GRANITE STATE PHYSICAL THERAPY,"1558 Hooksett Rd #5, Hooksett, NH 03106, USA",83.33,02dded24-c64a-5ff8-b8ea-594665210adb,9fbe1e4a-9eaf-4634-acc3-fc32194705b5
Complete Septic Services LLC,ISLE LA MOTTE,5463,COMPLETE EXCAVATION & SEPTIC SERVICES LLC,"698 Main St, Isle La Motte, VT 05463, USA",81.16,459ae494-1d10-518f-90e7-898e79ab3b4f,95dfc115-9b39-432a-a53e-0a426254ebcc
Cannings Service Center Inc.,EAST SANDWICH,2537,GULF  CANNING'S SERVICE CENTER,"491 MA-6A, East Sandwich, MA 02537, USA",81.36,92b12c1d-452e-51b9-a938-a29f967c8f50,783207ab-67d2-40a6-9f12-0153943ae8bd
HI Danbury Lodging LLC,Danbury,6810,DANBURY WOODWORKING LLC,"61 Hemlock Ln, Danbury, NH 03230, USA",75.56,c7281d76-6ecc-5817-a7fb-72c11a733b3c,f5e8737f-c738-4bd6-896f-c18b2dda257f
Groton-Ledyard Veterinary Hospital,LEDYARD,6339,GROTON LEDYARD VETERINARY HOSPITAL,"3 Lorenz Industrial Pkwy, Ledyard, CT 06339, USA",76.47,49b0fd3c-a985-5b75-a304-53e0d7311816,09136d42-bc8c-446a-b1f3-999035ba5242
Advantage Automotive,GARDINER,4345,ANTHONY AUTOMOTIVE,"808 Brunswick Ave, Gardiner, ME 04345, USA",73.68,8ebabbf5-0733-5228-82d4-9776e6a8a06a,bd3b763d-6a23-403d-8c5d-f07a41948523
Boston Sailing Center,Boston,2110,BOSTON MEDICAL CENTER,"One Boston Medical Center Pl, Boston, MA 02118, USA",76.19,460d241e-2540-5503-a1de-5482eaa01cc2,b378950d-2eda-467b-bf8c-c7f769b491a4
FALMOUTH AUTO CENTER,EAST FALMOUTH,2536,FALMOUTH COUNTRY CLUB,"630 Carriage Shop Rd, East Falmouth, MA 02536, USA",73.17,86dc0723-3a10-5304-bd12-1a59a97dca7b,5eaf6802-ee20-44cd-889d-bb83572163b7
Double Down Enterprises LLC,DURHAM,3824,BOSCO NH ENTERPRISES LLC,"237 Kings Hwy, New Durham, NH 03855, USA",70.59,47a0a381-a7ef-5b42-a9e0-6e5e52cfae6b,7c40b291-cc75-45c8-867f-27f6a76583ab
CENTURY MEDICAL P.C.,SALEM,1970,SALEM MEDICAL CENTER,"213 S Main St, Salem, NY 12865, USA",70.0,99f3835f-5f90-5bf5-b420-7c7fa10acf66,b9f6e666-3b51-446c-aae0-475a895413fb
TNT Fitness LLC,Manchester,3104,PLANET FITNESS,"346 Middle Turnpike W, Manchester, CT 06040, USA",75.86,af704b72-43ba-5f21-832b-e05621f1dd2e,6b01b9a7-4d18-433d-9695-9463bd85b331
Gallitto Construction LLC,Middletown,6457,HILL CONSTRUCTION GROUP INC.,"1129 Middletown Rd, Andover, VT 05143, USA",71.7,e57aea4d-d206-52d6-aef9-53435bb74b54,0a46c388-4481-488d-b6f9-9252a2124ff2
RAPOSO'S CONSTRUCTION INC.,TAUNTON,2780,G LOPES CONSTRUCTION INC,"565 Winthrop St, Taunton, MA 02780, USA",76.0,e84e92e5-7551-5f8c-ad09-b1490112236a,9ee2f4c8-c83e-4096-a607-8c8541d97e39
NORTHEAST FARM SALES & SERVICE INC,IRASBURG,5845,NORTHEAST FARM SERVICE,"4501 US-5, Irasburg, VT 05845, USA",78.57,731f159a-072d-5b83-a4d3-e94c1b7bd47f,9d89983c-fd5e-4fbb-8ac2-a60f1419c54a
Brenner Facility Services LLC,SALEM,1970,FIDELITY BROKERAGE SERVICES LLC,"900 Salem St, Smithfield, RI 02917, USA",80.0,c2a75531-af4e-5a8c-9b4e-5c9f5da84733,ecb35596-72ce-4ebf-9573-b243c9f2ee72
RAE Veterinary Services P.C.,WINTERPORT,4496,RIDGE RUNNER VETERINARY SERVICES,"559 S Main St, Winterport, ME 04496, USA",76.67,136f0218-9ef1-550b-b87d-980f9dbdbf51,a703c378-46c8-49ca-9082-7c3b1740f54f
RAE Veterinary Services P.C.,WINTERPORT,4496,RIDGE RUNNER VETERINARY SERVICES,"559 S Main St, Winterport, ME 04496, USA",76.67,84300538-ee20-5012-8f45-ef213822b485,a703c378-46c8-49ca-9082-7c3b1740f54f
York Woods Tree Service LLC,ELIOT,3903,YORK WOODS TREE & PRODUCTS,"300 ME-236, Eliot, ME 03903, USA",71.7,0f56f49e-3639-5863-a0bd-20245100ff37,4aaca6a8-895b-48ee-aeb3-9e0b2ea0018c
Pureum Corporation,Acton,1720,INSULET CORPORATION,"100 Nagog Park, Acton, MA 01720, USA",75.68,e512f207-615d-5015-9b6e-d453922d3d47,6434763d-3698-4b79-8984-0e0743ba930e
Pureum Corporation,Acton,1720,INSULET CORPORATION,"100 Nagog Park, Acton, MA 01720, USA",75.68,be9c4121-fc18-5cc6-8000-6a059f8336be,6434763d-3698-4b79-8984-0e0743ba930e
Shift Portland LLC,PORTLAND,4102,"PORTLAND SAFE, INC","235 Portland Rd, Gray, ME 04039, USA",72.22,e86ec347-cfec-5c8b-be6e-88b2362d1be7,a368fe3f-d617-4852-a8f7-15ac26616649
BCS & Son Construction LLC,DANVILLE,3819,WK CONSTRUCTION LLC,"2870 VT-15, West Danville, VT 05873, USA",75.56,492861d2-4534-507c-98be-f7812d0e69d7,dcfead63-5417-44d0-9761-8a7e411d392b
Gillespie Corporation,Ware,1082,FEENEY CORPORATION,"426 Wareham St, Middleborough, MA 02346, USA",71.79,c8008121-b668-560c-8ed4-828b58f689b2,73cf19e4-b441-40d6-9ddd-d54768ce4594
VETERINARY EMERGENCY & SPECIAL,Brentwood,3833,VETERINARY EMERGENCY & SURGERY HOSPITAL,"175 NH-125, Brentwood, NH 03833, USA",81.16,e5adf139-4463-5492-9d2a-61eb8120925b,4f1d0879-c821-477b-bd96-a8dad2996a43
Quabbin Valley Dental,Athol,1331,QUABBIN VALLEY HEALTHCARE,"821 Daniel Shays Hwy, Athol, MA 01331, USA",78.26,329a85e1-b89a-5717-a7ad-d76077c439ab,3f6472d1-cdbc-4c84-a022-e59c55389c45
Kautilya Plainfield Hotel LLC,PLAINFIELD,6374,"EAST PLAINFIELD AUTOMOTIVE, LLC","235 NH-120, Plainfield, NH 03781, USA",70.0,7b8f7035-0916-5a15-88d8-751a493dca74,ef71710f-ddc0-4b03-93c7-f5b0efe2cd23
Kautilya Plainfield Hotel LLC,PLAINFIELD,6374,"EAST PLAINFIELD AUTOMOTIVE, LLC","235 NH-120, Plainfield, NH 03781, USA",70.0,6319cd54-65b7-52f1-9793-b20d56f45957,ef71710f-ddc0-4b03-93c7-f5b0efe2cd23
PITTSFIELD RYE INC,Pittsfield,1201,PITTSFIELD VETERINARY CLINIC,"280 Dowboro Rd, Pittsfield, NH 03263, USA",73.91,beddd6de-70a8-564c-86e5-e894834eb382,c54577c4-4ec7-4450-8ea3-1a25e249673d
Trian Fitness LLC,Nashua,3063,PLANET FITNESS,"150 Coliseum Ave, Nashua, NH 03063, USA",70.97,96ba536a-76b0-526f-a29e-ebc1998807dd,b91dc569-0748-48c7-bc5b-48319387f3a6
Bristol Travel Inc,Bristol,6010,BRISTOL HOSPITAL,"41 Brewster Rd, Bristol, CT 06010, USA",70.59,2ff71a24-60be-53b2-8eff-5961a8774ce2,7b5c92fc-3489-4537-b6a0-24ea7baa2799
KIDS JUNCTION INC (OC),BARRINGTON,2806,KIDS JUNCTION,"406 Maple Ave, Barrington, RI 02806, USA",74.29,4a8980aa-3def-5b2e-a640-f20a4563fadc,e592e1ba-f520-486f-b642-026ab882460e
WKP Construction LLC,NEWPORT,2840,RMC CONSTRUCTION,"1413 Pine Hill Rd, Newport, VT 05855, USA",77.78,5896c9f3-5c71-5aab-8777-09b35b22f593,c2b52366-c505-4fca-800f-5da89a540024
Belmont General Store,Belmont,5730,BELMONT SELF STORAGE,"393 Laconia Rd, Belmont, NH 03220, USA",78.05,a6b495b4-9e3f-59bc-b433-b614be17793f,6e85bb47-cdc7-4f56-81fb-bd38c59c07b0
BARKLEY TRANSPORTATION INC.,TAUNTON,2780,RICHS TRANSPORTATION,"305 Myles Standish Blvd, Taunton, MA 02780, USA",75.0,b9193bcd-e11a-5e89-af18-e1a95fe2243c,7b72ffbc-6669-4e5a-9f7f-986a8af9c2da
BARKLEY TRANSPORTATION INC.,TAUNTON,2780,RICHS TRANSPORTATION,"305 Myles Standish Blvd, Taunton, MA 02780, USA",75.0,f0bad38d-b9a8-5292-a335-64c76824f3b2,7b72ffbc-6669-4e5a-9f7f-986a8af9c2da
FOUR ELEMENTS HAIR SALON & SPA INC,WESTPORT,2790,FOUR ELEMENTS SALON & SPA,"632 State Rd, Westport, MA 02790, USA",84.75,4659a0a9-9743-5a09-a0c6-459ee7cb04bf,39fe1113-43bb-4398-82c9-4acf64c24b98
Cannings Service Center Inc.,EAST SANDWICH,2537,GULF  CANNING'S SERVICE CENTER,"491 MA-6A, East Sandwich, MA 02537, USA",81.36,b5812883-d108-5516-aa29-467f3517e4a4,783207ab-67d2-40a6-9f12-0153943ae8bd
J. H. LANDSCAPING AND CONSTRUCTION INC.,SWANSEA,2777,J H LANDSCAPING & CONSTRUCTION,"1102 Sharps Lot Rd, Swansea, MA 02777, USA",84.06,aa021d6d-287f-500e-b6fa-57708f00c75d,328b6b33-e48c-4431-a250-c48f613f92be
OSTERVILLE MARKET PARTNERS INC.,Osterville,2655,OSTERVILLE PRIMARY CARE,"770 Main St, Osterville, MA 02655, USA",70.37,edbbd611-e5fd-5bf2-9073-34a1c5e53eca,f2a041ec-e60b-439e-8ddd-4a178966bb2a
CANDLEWOOD VALLEY MOTORS LLC,NEW MILFORD,6776,CANDLEWOOD VALLEY COUNTRY CLUB,"401 Danbury Rd, New Milford, CT 06776, USA",79.31,03ed2a4c-4dfa-53ad-863d-441fb20eb2de,b295ca2c-72e5-4837-8c01-beacc48316df
Waterville Estates Realty Acquisition LLC,CAMPTON,3223,WATERVILLE ESTATES REALTY,"548 Winterbrook Rd, Campton, NH 03223, USA",75.76,d5e07c84-5618-5bf9-a814-e1dd097a2456,21ea7511-204e-4595-af67-6e8b24112f5c
Aadmi Consulting LLC,Cambridge,2140,SPEX CONSULTING LLC,"82 Pease Rd, Cambridge, ME 04923, USA",71.79,d0afb2c0-44a9-597c-bb91-0593bb4ca0d4,2ada50b4-824b-4f80-be3f-530bae680abd
COLLINSVILLE AUTO REPAIR LLC,COLLINSVILLE,6022,COLLINSVILLE REPAIR,"985 Collinsville Rd, Craftsbury, VT 05826, USA",80.85,df4e990b-f825-5124-8a53-bbb57ffeeb73,6d087d75-1d34-4219-9fa4-0964f6c03cdf
DB LANDSCAPE LLC,Wolcott,6716,R.C. LANDSCAPES,"1019 Baldwin Brook Rd, Wolcott, VT 05680, USA",70.97,1f031737-f817-5d53-adcd-6552cc6780de,8ce0108f-e8bf-4198-8ebc-994f7497bf00
EPC Corporation,Middleboro,2346,FEENEY CORPORATION,"426 Wareham St, Middleborough, MA 02346, USA",78.79,088e18c8-f8b6-5dc9-86f7-c3aa9f99ff59,73cf19e4-b441-40d6-9ddd-d54768ce4594
Modern Living LLC,WESTON,6883,"MODERN HEALING, LLC","205 Old Tavern Rd, Weston, VT 05161, USA",83.33,207da2c0-3bd8-554a-99c4-e7181dfe043f,694eadb7-aa9b-4d30-95d1-5212d8dc2f19
TK Property Services LLC,WEST HARTFORD,6107,WHITCOMB PROPERTY SERVICES,"4802 Quechee West Hartford Rd, White River Junction, VT 05001, USA",76.0,34278f95-d542-5203-8a50-3dbf3fa6cace,44945ca0-f04a-4eb5-a119-3fbde6e8ecad
A.C. Parsons Landscaping & Garden Center,Bernard,4612,A C PARSONS LANDSCAPING,"71 Richtown Rd, Bernard, ME 04612, USA",73.02,6cbd5cc3-def7-54b1-b5b3-511021a217c5,964cd387-6416-4e35-8778-59c9f0ffb884
HUB RESTORATION LLC,Braintree,2184,BLACK SASH RESTORATION LLC,"515 Menard Rd, Braintree, VT 05060, USA",75.56,5a1fc0d7-8965-586e-90ef-d971bc526610,bf42b210-f022-4d47-808f-513e40c0daab
Nelson Enterprises LLC,Portsmouth,3801,"REP ENTERPRISES, LLC","747 Portsmouth Ave, Greenland, NH 03840, USA",80.95,918b3560-475f-58bb-9007-c802cc0f4c77,7adbf78e-66d8-467b-ad55-915377f1a354
The Builders,ORLAND,4472,ORCUTT BUILDERS,"1172 Bald Mountain Rd, Orland, ME 04472, USA",74.07,9e608355-2275-5596-a328-4791187cc396,701a84ad-7f26-4f11-b29f-7184034aa8e3
Revolution Energy LLC,Dover,3820,REVISION ENERGY,"1980 Turnpike St Ste 2, North Andover, MA 01845, USA",72.22,92404642-1e39-595f-8bbd-8a42c31f7d73,e9822c24-5952-4ec4-a0b2-9251d437147e
F.A.S. Trucking Inc.,EAST WALLINGFORD,5742,F.A.S. TRUCKING & LANDSCAPING,"151 Maranville Rd, East Wallingford, VT 05742, USA",73.47,87530cce-639b-5eac-a25c-e11e4fb6edb6,eb43d331-cef8-436e-b464-690459fd62e7
Mansfield Martial Arts Inc,Mansfield,2048,MANSFIELD AUTO PARTS INC,"214 Stafford Rd, Mansfield Center, CT 06250, USA",80.0,5b3b7ed0-e3d0-5e10-8cb6-ff650af4fdd2,21e2d976-409a-435e-b2e9-10412132d9d4
Barrows Contracting Incorporated,UPTON,1568,BARROWS CONTRACTING INC.,"37 North St, Upton, MA 01568, USA",82.14,c69a68c9-f970-5463-bd74-d78f3f69748c,22eff3f9-0a1a-43da-b8d4-ca99e4fd8735
Ventech Industries Inc,ELIOT,3903,"PIKE INDUSTRIES, INC.","1080 Dow Hwy A, Eliot, ME 03903, USA",74.42,c9401108-5e0a-54ad-92be-696e9ab1a48a,7cd2b8a3-0e98-4720-bafb-1a50f0a76535
ELECTRIC POWER SYSTEMS JL INC.,GARLAND,4939,ELECTRIC POWER SYSTEMS,"417 Jones Rd, Garland, ME 04939, USA",84.62,e1679676-3b25-5124-b8e9-57bf9418f74e,df3f1287-ac02-411c-9317-9e3de9395ede
Wellman Paving Inc.,Winterport,4496,WELLMAN PAVING,"89 Goshen Rd, Winterport, ME 04496, USA",84.85,67853c39-b814-555e-aab1-66bc9c5776c5,3d23dfae-a274-47e6-9126-0e8a4937e4ab
Rare Drive Inc.,EAST KINGSTON,3827,RARE DRIVE,"10 N Rd, East Kingston, NH 03827, USA",80.0,99c1b783-6395-5d70-b5ec-1cb725559ed9,e97b1342-1d24-456d-a971-5f5a5f9f5678
BARKLEY TRANSPORTATION INC.,TAUNTON,2780,RICHS TRANSPORTATION,"305 Myles Standish Blvd, Taunton, MA 02780, USA",75.0,42bf9d57-3721-58cc-9550-2d90ad4b347c,7b72ffbc-6669-4e5a-9f7f-986a8af9c2da
Westford Florist,WESTFORD,1886,PRINCETON WESTFORD,"500 Princeton Way, Westford, MA 01886, USA",70.59,a403a5d7-f5cc-5842-8d51-d9c62455d5dd,d78970d7-b4bd-4cec-a56b-3028526861c6
Riley Funeral Home Inc.,BOSTON,2121,SWAN FUNERAL HOME,"1224 Boston Post Rd, Old Saybrook, CT 06475, USA",70.0,9e411a0a-9268-5ff9-82a1-5d62cbfd4848,3e4b1d07-87f7-4aa1-a8b7-64bad1fa3df8
MANTZ CONSTRUCTION LLC,FAIRFIELD,6824,GARY SMITH CONSTRUCTION,"1218 Fairfield Rd, Fairfield, VT 05455, USA",71.11,57f3d341-783f-5916-bb92-e1fa65a9549b,5d20777f-ca0f-44ef-928d-c3c9f2fe3f19
River Road Veterinary Hospital LLC,Orrington,4474,LITCHFIELD VETERINARY HOSPITAL,"289 Torrington Rd, Litchfield, CT 06759, USA",78.12,ab4a7c64-b7d4-51b5-8981-bd694296cdfa,dd9d0afe-9149-4c44-bc57-644ee3634ceb
Boston Motor Werks LLC,BELMONT,2478,BELMONT MOTOR WORKS LLC,"176 Yale Rd North, Belmont, VT 05730, USA",80.0,7acec5fd-c0ff-5458-8c7e-b5346194fade,0c9b23da-6d68-474b-992d-a146b81194dc
Keene Medical Products Inc.,LEBANON,3766,KEENE MEDICAL PRODUCTS (LEBANON),"240 Meriden Rd, Lebanon, NH 03766, USA",81.36,c2c59eb1-fb26-5cd4-a2ef-49398cf6ed9a,97503609-79a7-4408-8fdc-d7332f9cd38a
Markantonis Enterprises Inc.,BELMONT,2478,"TOTMAN ENTERPRISES, INC.","369 Augusta Rd, Belmont, ME 04952, USA",76.92,a61b74c0-0609-5a20-aa82-c22db454b07a,524fe530-a3ac-4989-a760-05bc7e1f1b2d
WESTERN MAINE NURSERIES INC.,FRYEBURG,4037,WESTERN MAINE TIMBERLANDS INC.,"278 Mc Neil Rd, Fryeburg, ME 04037, USA",75.86,1c91038f-85a2-5b28-bdaa-6e593e1f8355,2307b476-9e77-4ed6-a560-c8953d66385b
MURPHY CONSTRUCTION,STONEHAM,2180,DTP CONSTRUCTION INC,"1391 Av. Tewkesbury, Stoneham-et-Tewkesbury, QC G3C 3A7, Canada",71.79,a23fde7a-8ef5-5e0b-a207-6d4b380e8ea4,d9c7747d-d0a8-413d-a87b-7c7684b0e689
Three Ponds Auto LLC,Milton,3851,THREE PONDS AUTOMOTIVE,"254 White Mountain Hwy, Milton, NH 03851, USA",76.19,b69f8c2e-77bd-5492-9657-bd15861dd9f9,3931b5b6-640a-4ad3-b110-f4581e71f3ec
Southcoast Transportation Inc.,TAUNTON,2780,RICHS TRANSPORTATION,"305 Myles Standish Blvd, Taunton, MA 02780, USA",74.51,4d1046da-6a28-5b8c-905b-91847438b33a,7b72ffbc-6669-4e5a-9f7f-986a8af9c2da
Brenner Facility Services LLC,SALEM,1970,FIDELITY BROKERAGE SERVICES LLC,"900 Salem St, Smithfield, RI 02917, USA",80.0,887c289e-01c8-58dd-9d20-0100595d4935,ecb35596-72ce-4ebf-9573-b243c9f2ee72
Ground Effects Landscape and Masonry,FRANKLIN,3235,"GROUND EFFECTS LANDSCAPE,HARDSCAPE,MASONRY","493 Salisbury Rd, Franklin, NH 03235, USA",79.49,00032abb-f361-5048-ba2d-3cfb4fdbf085,d50681c0-bff9-474f-b1c1-9a5a6930480a
STASHIS PROPERTY MAINTENANCE LLC,LITCHFIELD,3052,"SUNRISE LANDSCAPE AND PROPERTY MAINTENANCE, LLC","1200 Litchfield Rd, Norfolk, CT 06058, USA",70.89,3792f7a4-40d6-5de2-b48f-99db2ceb914d,ac872704-df13-480c-928f-8c2f2a50a969
STASHIS PROPERTY MAINTENANCE LLC,LITCHFIELD,3052,"SUNRISE LANDSCAPE AND PROPERTY MAINTENANCE, LLC","1200 Litchfield Rd, Norfolk, CT 06058, USA",70.89,ec84540e-3b71-5024-a2ad-be90c59ed7db,ac872704-df13-480c-928f-8c2f2a50a969
Ventech Industries Inc,ELIOT,3903,"PIKE INDUSTRIES, INC.","1080 Dow Hwy A, Eliot, ME 03903, USA",74.42,7612006d-b192-5954-a956-b49f85d38d26,7cd2b8a3-0e98-4720-bafb-1a50f0a76535
Colleen LaRochelle,HINSDALE,1235,LAROCHELLE AUTO,"970 Middlefield Rd, Hinsdale, MA 01235, USA",72.73,3c5deaa7-1efc-5a3a-8e20-5b799a1ca991,ccbb7392-4f20-42ca-8dfc-e8ce340321ac
OSTERVILLE MARKET PARTNERS INC.,OSTERVILLE,2655,OSTERVILLE PRIMARY CARE,"770 Main St, Osterville, MA 02655, USA",70.37,6daa04d2-527a-575e-803e-a49b3826a79b,f2a041ec-e60b-439e-8ddd-4a178966bb2a
Ace Hardware,EASTHAM,2642,AUBUCHON ACE HARDWARE,"168 Northampton St Rear, Easthampton, MA 01027, USA",72.73,c427f6a2-4183-5518-8e1f-819a9b656809,ffe6e7db-8189-4bea-95a4-3a0cc955b57f
VAILLANCOURT TRANSPORT LLC,ENOSBURG FALLS,5450,VAILLANCOURT REPAIRS LLC,"2003 Tyler Branch Rd, Enosburg Falls, VT 05450, USA",80.0,51c5f3e2-be5c-5859-a4a4-51a0126949f4,7af95cf4-8832-40de-857e-777c3a6b7089
Subterranean Drilling of Massachusetts,SANDISFIELD,1255,SUBTERRANEAN DRILLING,"4 Smith Rd, Sandisfield, MA 01255, USA",71.19,051eaf76-8bf6-5659-a129-50c8e02d0cc5,9888f5bc-5d42-4598-be78-4682d180e5ea
Subterranean Drilling of Massachusetts,SANDISFIELD,1255,SUBTERRANEAN DRILLING,"4 Smith Rd, Sandisfield, MA 01255, USA",71.19,baac9cd0-24ff-51ec-ac3d-c6a96b464ec1,9888f5bc-5d42-4598-be78-4682d180e5ea
W.F. GRACE CONSTRUCTION LLC,Deerfield,3037,KANON CONSTRUCTION LLC,"194 Mt Delight Rd, Deerfield, NH 03037, USA",73.47,4b7137ab-f0c3-505f-83cc-3db000e031ba,e229e78c-6363-4e63-8ebf-0b884bec1fbb
YOU GOOD CONSTRUCTION LLC,ANDOVER,1810,HILL CONSTRUCTION GROUP INC.,"1129 Middletown Rd, Andover, VT 05143, USA",71.7,a701fb92-f7dc-5fda-9c3e-7bfdb3599b0e,0a46c388-4481-488d-b6f9-9252a2124ff2
Community Landscape Company,WOLFEBORO,3894,COMMUNITY LANDSCAPE CO,"1435 Center St, Wolfeboro, NH 03894, USA",77.55,10936d56-e4e2-5bcc-9cb5-a16bd0458d4f,e4b83587-39bd-4cd7-a921-015071add334
Double Down Enterprises LLC,DURHAM,3824,BOSCO NH ENTERPRISES LLC,"237 Kings Hwy, New Durham, NH 03855, USA",70.59,771179b4-4dd4-5920-8627-6a613c146668,7c40b291-cc75-45c8-867f-27f6a76583ab
Salt Pump Climbing Center LLC,SCARBOROUGH,4074,SALT PUMP CLIMBING COMPANY,"36 Haigis Pkwy, Scarborough, ME 04074, USA",72.73,55a4b24e-90b4-5eb9-8014-b114f9443df5,f7187dc2-fba9-4c27-ab8e-949997094b93
Johnson Trucking,PITTSFIELD,1201,J W TRUCKING,"951 Main St, Pittsfield, ME 04967, USA",71.43,9462971c-800f-5d32-a25c-569108730ad3,d564043e-3c79-430f-8f49-223c11e9fa23
Johnson Trucking,PITTSFIELD,1201,J W TRUCKING,"951 Main St, Pittsfield, ME 04967, USA",71.43,3abc924a-ede8-52c8-9677-5c321a436794,d564043e-3c79-430f-8f49-223c11e9fa23
Andover Audio LLC,Andover,1845,ANDOVER LANDSCAPING LLC,"5 Hendee Rd, Andover, CT 06232, USA",75.0,cbf71091-baf0-5ef9-b649-016419f1d559,590d90b5-83bf-4c33-b7cd-ea9a6fa54f6f
A.C. Parsons Landscaping & Garden Center,BERNARD,4612,A C PARSONS LANDSCAPING,"71 Richtown Rd, Bernard, ME 04612, USA",73.02,127a6681-ec7a-5cb7-b53c-6b50078a86f5,964cd387-6416-4e35-8778-59c9f0ffb884
Pace Motor Lines Inc & Subsidiary,STRATFORD,6615,PACE MOTOR LINES INC,"1425 Honeyspot Road Ext, Stratford, CT 06615, USA",75.47,093c674c-da6c-59b0-939f-473ecda3268a,d4b14a1c-455c-417d-86b1-8dde9efba3b7
NORTHEAST FARM SALES & SERVICE INC,IRASBURG,5845,NORTHEAST FARM SERVICE,"4501 US-5, Irasburg, VT 05845, USA",78.57,45652d84-2c13-5acf-be7e-79997c8b64bf,9d89983c-fd5e-4fbb-8ac2-a60f1419c54a
Southcoast Transportation Inc.,TAUNTON,2780,RICHS TRANSPORTATION,"305 Myles Standish Blvd, Taunton, MA 02780, USA",74.51,f5126854-e036-5244-bcea-fc06c34985e8,7b72ffbc-6669-4e5a-9f7f-986a8af9c2da
Southcoast Transportation Inc.,TAUNTON,2780,RICHS TRANSPORTATION,"305 Myles Standish Blvd, Taunton, MA 02780, USA",74.51,bf90e4e6-359f-59d5-ac2d-99115ef1d264,7b72ffbc-6669-4e5a-9f7f-986a8af9c2da
Nichols Self Storage,LIVERMORE,4253,LIVERMORE SELF STORAGE,"Robinson Rd, Livermore, ME 04253, USA",71.43,c884dbf3-7639-5d9b-90af-35115eccd854,ebd94187-27e1-4006-b9c2-7905da755990
Nickwacket Garage,PITTSFORD,5763,NICKWACKETT,"4814 Old Rte 7, Pittsford, VT 05763, USA",71.43,952f21e0-6120-58fa-b79d-e7b77f83875b,3af542d2-b4cd-4f9b-ac9c-5b0b8e6a4830
Zander Corporation,MIDDLEBORO,2346,FEENEY CORPORATION,"426 Wareham St, Middleborough, MA 02346, USA",77.78,39b43ef7-611a-5ad1-bf58-8718eb8088d0,73cf19e4-b441-40d6-9ddd-d54768ce4594
Fairfields Women's Health Center LLC,Fairfield,6824,FORT FAIRFIELD HEALTH CENTER,"23 High St, Fort Fairfield, ME 04742, USA",71.88,f67a8370-fd0d-54e9-99d8-50e254b83651,7ffde6e1-7abb-4277-b22a-20471fb06b6d
Fairfield Women's Health Center LLC,Fairfield,6824,FORT FAIRFIELD HEALTH CENTER,"23 High St, Fort Fairfield, ME 04742, USA",73.02,9a6b7494-84bb-5094-ba79-252efc92f97f,7ffde6e1-7abb-4277-b22a-20471fb06b6d
NEW LONDON HOSPITALITY LLC,NEW LONDON,6320,NEW LONDON HOSPITAL,"273 County Rd, New London, NH 03257, USA",84.44,4b11dbaa-8802-596e-b996-7e133c605837,209686a3-5bba-4e1e-b9b6-d3be4d460c1e
B FAIRFIELDLLC,FAIRFIELD,6824,ROCK CLIMB FAIRFIELD,"85 Mill Plain Rd building t, Fairfield, CT 06824, USA",70.59,b426adb7-ecee-5848-8835-15e95675b8e4,eb06f05f-4d36-4113-b5d1-28b008029a18
ATCK FITNESS HANOVER INC,Hanover,2339,PICKUP USA FITNESS HANOVER,"285 Circuit St, Hanover, MA 02339, USA",72.0,bf9175e0-c7b3-5e3c-a410-3aaeb4314b91,853e62ce-233c-45ef-87ec-686afa07cc2c
York Woods Tree Service LLC,ELIOT,3903,YORK WOODS TREE & PRODUCTS,"300 ME-236, Eliot, ME 03903, USA",71.7,0c0b1505-0c5d-5756-9498-e15848183f6d,4aaca6a8-895b-48ee-aeb3-9e0b2ea0018c
Trio Construction Inc.,RAYMOND,3077,UBORA CONSTRUCTION,"1867 Rte de Chute Panet, Saint-Raymond, QC G3L 4P8, Canada",70.0,31cec11d-9b46-53f8-9c74-5a7e573d905c,2c3c6950-278b-44bc-a607-8af4ec53da24
G. Drake Masonry Inc.,DIXMONT,4932,G DRAKE MASONRY,"441 Western Ave, Dixmont, ME 04932, USA",83.33,1c1a44f1-77ab-5c47-9ddb-61d8449f7f20,16446191-a788-4490-beae-edd13906b512
Pine Tree Lock and Key LLC,DURHAM,4222,PINE TREE LOCK & KEY,"340 Pinkham Brook Rd, Durham, ME 04222, USA",82.61,48ace9fc-d77d-51c3-a032-d5c7dd189e2d,c8c27034-1c6d-41b9-89ac-0938d4a88f90
Gesner Auto Inc,TAUNTON,2780,GESNER AUTO,"445 Winthrop St, Taunton, MA 02780, USA",84.62,143081f8-02cc-5888-bc0a-97998ea90d13,4614e7c5-0c6d-4e96-8d53-1584aff1fadb
Curley Associates,Sanford,4073,ASSOCIATED EYECARE,"272 Cottage St, Sanford, ME 04073, USA",74.29,d65572e5-bdc3-56f8-a5e2-ee0af20e4ec8,3480e191-049b-4686-9f04-227221ea708f
Multy Builders LLC.,WEYBRIDGE,5753,MULTY BUILDERS,"3398 Quaker Village Rd, Weybridge, VT 05753, USA",84.85,d7727c8b-9bd3-5332-876e-2834fba31676,ab1de865-19f2-408c-b4aa-09ac7d4f957a
Multy Builders LLC.,WEYBRIDGE,5753,MULTY BUILDERS,"3398 Quaker Village Rd, Weybridge, VT 05753, USA",84.85,a4bd0999-e9c8-5b54-8476-5ccf041ea25a,ab1de865-19f2-408c-b4aa-09ac7d4f957a
Cotone Family Chiropractic LLC,Readfield,4355,COTONE FAMILY CHIROPRACTIC - DR JENN COTONE,"11 S Rd, Readfield, ME 04355, USA",73.97,9ff9d5f4-d2b9-588c-81c2-901aac09324f,4a897387-f6a3-4360-a9a7-ef3dfd58ad17
RAPOSO'S CONSTRUCTION INC,TAUNTON,2780,G LOPES CONSTRUCTION INC,"565 Winthrop St, Taunton, MA 02780, USA",77.55,b502b317-a1a2-5b49-aaa0-cdca76efdd5e,9ee2f4c8-c83e-4096-a607-8c8541d97e39
Astor Transportation LLC,TAUNTON,2780,RICHS TRANSPORTATION,"305 Myles Standish Blvd, Taunton, MA 02780, USA",75.56,ab50a5d6-1401-5410-9658-dde9559ca010,7b72ffbc-6669-4e5a-9f7f-986a8af9c2da
Milford Swim School Corporation,Milford,1757,GOLDFISH SWIM SCHOOL - MILFORD,"350 E Main St, Milford, MA 01757, USA",72.13,e5a0385e-c825-57d0-b29a-2cd1f7a8d7a2,739e1e62-4566-4711-af03-633f4351240a
CENTRIC DESIGN LLC,ANDOVER,1810,"CLINE DESIGN, LLC","42 Shaw Hill Rd, Andover, NH 03216, USA",74.29,12061791-3d4c-5707-9799-3a884343db05,c74bbff0-af9c-4bf8-9ae5-21fd631afa11
DeCamp Plumbing & Heating LLC,PUTNEY,5346,LOWE'S PLUMBING & HEATING,"45 Lower Trail, Putney, VT 05346, USA",74.07,a6783b5c-6ac0-54ee-9f1f-953f4c3259bf,d92201f8-ed9b-458c-bf60-48e01314120f
ALPHABET ACADEMY LLC,HAMDEN,6514,"ALPHABET ACADEMY, SOUTH CAMPUS","605 Benham St, Hamden, CT 06514, USA",72.0,9c8cda80-1274-534e-8f9f-ca74568192f0,fdd9fd14-544f-475b-8d6d-c24677d91d21
The Collective Studios LLC,LONDONDERRY,3053,COLLECTIVE STUDIOS,"4 Orchard View Dr Unit 7, Londonderry, NH 03053, USA",81.82,ea87a0d0-ae1f-5a61-ba32-37830b03aa23,36727f4d-080b-4f7b-bff7-773a2d44e321
PFL & Associates LLC,RUTLAND,5701,S D ASSOCIATES,"202 Scotts Rd, West Rutland, VT 05777, USA",70.59,c760992c-5941-5209-b268-a2627345c50a,618560d2-39b6-4c4d-bcc3-22acca4ffcb0
Make A Difference Landscaping LLC,LEE,3861,THE DIFFERENCE LANDSCAPES,"459 Calef Hwy, Lee, NH 03861, USA",72.41,9fc39aa1-3cc9-524f-b33a-02a02efaecbc,a8d6020b-408a-4e06-8226-85e795fc33d1
Salmon Falls Nursery Inc,Berwick,3901,SALMON FALLS NURSERY & LANDSCAPING,"511 Portland St, Berwick, ME 03901, USA",79.31,e590c70b-71dd-53f5-b63d-28ecafa07aaf,2f9bf919-b73f-47e3-a2b7-8fd95f2df7d5
Andover Learning LLC,ANDOVER,1810,ANDOVER LANDSCAPING LLC,"5 Hendee Rd, Andover, CT 06232, USA",83.72,e2793afc-9fef-5a92-88c9-78741d5fd01f,590d90b5-83bf-4c33-b7cd-ea9a6fa54f6f
TOP TIER PLUMBING & HEATING LLC,Middleboro,2346,TDM PLUMBING & HEATING,"25 Charmark Cir, Middleborough, MA 02346, USA",75.47,b213c616-ac5f-51e0-a4ff-25b286adaf19,acc859b3-c270-41d3-a82b-2093c16f8148
MENT LAW GROUP PC,HARTFORD,6103,PEET LAW GROUP,"3533 Woodstock Rd, Hartford, VT 05001, USA",77.42,bbf4c87b-c87d-517f-8509-9da8d04dbd73,b240da32-4895-4242-b7b7-228dbd5e3336
MiVillage LLC,Holliston,1746,MIVILLAGE,"120 Jeffrey Ave, Holliston, MA 01746, USA",81.82,15975e4a-82c1-5d64-a65f-554680fd992b,54c952d0-c910-4595-8e29-b875bdf75bcc
Life Medi Spa PLLC,Meredith,3253,LIFE MEDI SPA,"3 Winona Rd #1B, Meredith, NH 03253, USA",83.87,9cc76fbe-5d80-59a6-a72a-1b4df7014035,5daa8df1-161e-4514-b6ee-5872d8e606ca
Wally's Landscaping Inc,HUDSON,1749,DESIGN WORKS LANDSCAPING,"125 Wason Rd, Hudson, NH 03051, USA",72.34,1f33273b-4e25-550f-a4bd-9b97c3832723,5fc8a848-88c7-464d-998c-2a7dbaa6e589
PRONTO PLUMBING HEATING INC,BETHEL,6801,WALKER PLUMBING & HEATING LLC,"1815 River St Ext, Bethel, VT 05032, USA",71.43,b1140526-c950-5e71-a9ae-9ff29662d020,8a83609f-19a5-4f55-96c8-c967b9e0f63d
S&R Brookfield LLC,BROOKFIELD,6804,WEST BROOKFIELD DENTAL,"9 W Main St, West Brookfield, MA 01585, USA",70.0,0775342f-e1d5-528d-8253-4984cbc02a00,3e5e91ca-ff40-4f07-aec5-37e13a661c58
S & P Wholesale Inc,ATTLEBORO,2703,C & S WHOLESALE GROCERS INC,"47 Old Ferry Rd, Brattleboro, VT 05301, USA",73.91,cce428f7-771a-5260-aac2-d135e285d9d7,eb474ba0-c96e-4fa0-b258-334747eeed73
JM Killingly LLC,DAYVILLE,6241,KILLINGLY FENCES LLC,"19 Chestnut Hill Rd, Dayville, CT 06241, USA",77.78,2a0d2da1-869d-52be-a71f-c15a55e30f66,0bf9fb02-f1e5-4c41-a1b9-52ac31b759b7
RT'S CONSTRUCTION,NEW MILFORD,6776,HEATON CONSTRUCTION,"376 Long Mountain Rd, New Milford, CT 06776, USA",77.78,ff49513d-9141-5c0f-a581-df75946307dc,81483214-0a1f-43d5-85d0-079def564e52
D. M. Hock Enterprises LLC,TORRINGTON,6790,"TWIN FORK ENTERPRISES, LLC","879 Pothier Rd, Torrington, CT 06790, USA",73.08,d42e544f-2949-599f-baa9-c7ff0a58fd7f,95721e90-7bcd-4be6-8abc-33bfe4d01b1d
S & B Automotive Inc,BETHEL,5032,"S&B AUTOMOTIVE, INC","140 Peavine Blvd, Bethel, VT 05032, USA",82.05,b4f51959-87e5-50fe-a264-ea8da8eb34aa,07e8f34a-30e2-4653-a898-5a965839b32a
ARCOMM COMMUNICATIONS CORPORATION,HILLSBOROUGH,3244,ARCOMM COMMUNICATIONS,"462 W Main St STE 3, Hillsborough, NH 03244, USA",77.78,40a94db2-f24c-55da-af97-a9025f405cd5,5ecd703f-8556-4e16-97fd-f01638342f94
CALEA SERVICES LLC,MILFORD,6460,"GTA AUTO SERVICE, LLC","19 Perry Rd, Milford, NH 03055, USA",71.79,88e8d866-2dc7-507b-8317-927f30923169,98d9f670-0e4e-499e-8c30-79821beab585
Chomp Newport LLC,NEWPORT,2840,NEWPORT HOSPITAL,"20 Powel Ave, Newport, RI 02840, USA",72.73,128709a1-16c0-5891-a017-f8faf905d1a0,58d0b1c3-8b04-40e8-85f1-be6dd2c2060a
Audette Electrical Services Inc.,SHERMAN,6784,JOHN EASTMAN ELECTRICAL SERVICES,"324 Sherman Hollow Rd, Hinesburg, VT 05461, USA",75.0,46005b61-2e77-52e8-b99f-3060046dadd4,3a1a2165-486c-4e13-a871-58934c14da81
MACKEY'S  INC.,WILLIMANTIC,6226,MACKEY'S,"249 Columbia Ave, Willimantic, CT 06226, USA",76.19,05837808-878b-5566-9b2d-d1bb5aef28ed,83443c99-cd4a-41bc-932c-22fa9f570ac2
Life Medi Spa PLLC,MEREDITH,3253,LIFE MEDI SPA,"3 Winona Rd #1B, Meredith, NH 03253, USA",83.87,974459b1-d2fe-57b8-b2ef-77a71a8b10e9,5daa8df1-161e-4514-b6ee-5872d8e606ca
Warner Stone LLC,WARNER,3278,A WARNER STORAGE,"2 Pleasant Pond Rd, Warner, NH 03278, USA",75.0,7df61a39-4fde-560a-bd16-3bfde25a3313,8a8147f3-bbbc-4513-a58a-e59a2423a76a
NENA Construction Inc.,WARWICK,2889,MJRO CONSTRUCTION INC,"64 4E Rang O, Warwick, QC J0A 1M0, Canada",79.07,150c9f9b-3e49-53e9-ae9c-8edf1a698afa,2dd06cc2-053b-4c0e-83b3-1e77f297a782
Stevens Well & Pump LLC,WEBSTER,3303,STEVENS WELL AND PUMP,"99 Battle St, Webster, NH 03303, USA",81.82,77588b13-8c9a-5883-aa2a-3b2e43d9e242,6862d2ed-70ea-4753-afed-630086b90ef2
Oola Westbrook LLC,WESTBROOK,4092,WESTBROOK TOYOTA,"80 Flat Rock Pl, Westbrook, CT 06498, USA",76.47,6abcce42-b2f6-58e8-a145-3db23576f36a,d8186e05-7936-4faa-921a-d939dd01018d
Pemi Valley Excavating LLC,CAMPTON,3223,"PEMI VALLEY FLOORING, LLC","2269 US-3, Campton, NH 03223, USA",74.51,25e800ef-dd1c-50f0-949c-c3370446d513,d83c1f20-e658-48ab-9772-f5ba2c804163
REPS CONSTRUCTION LLC,MARLBOROUGH,1752,"MORALES DESIGN & CONSTRUCTION, LLC","Stage Harbor Rd, Marlborough, CT 06447, USA",72.73,ac947a6e-b2b6-589d-be41-13abc45e1eb7,effa175b-d8da-4d1b-918a-b6f82480d9ce
Discount Tire & Service,RINDGE,3461,DTS AUTOMOTIVE (DISCOUNT TIRE & SERVICE),"788 US-202, Rindge, NH 03461, USA",73.02,e98f7e8a-e75a-578a-82cb-ad3550405fb0,a207daac-6617-4d42-99ae-3568f57703bc
Baber & Associates P.A.,BANGOR,4401,CEBAN & ASSOCIATES C.P.A.,"1000 Bangor Rd, Ellsworth, ME 04605, USA",70.83,8dd664f3-79f3-51eb-80cc-a46905946fe2,ad502c4c-7455-4a25-a30f-a8f599e5c93d
Condesa Watertown LLC,WATERTOWN,2472,HONDA OF WATERTOWN,"816 Straits Turnpike, Watertown, CT 06795, USA",76.92,d939aec3-061b-5252-bcfa-046464f6a62f,b6df2b77-ba74-4521-a476-2ca188a65677
SAVY & SONS LLC,Amston,6231,SAVY & SONS,"612 Church St, Amston, CT 06231, USA",84.62,11a05858-45f0-580d-af3a-7600f83b5bdc,f8857592-f558-475a-b06f-ff436ff000c8
BRICKOVEN CATERING LLC,Hudson,3051,BIRCH HILL CATERING,"1 Celebration Wy, Castleton-On-Hudson, NY 12033, USA",73.17,103bf4c7-adbc-5e12-bdb0-a69afa190912,5dfadc56-8661-422f-af9f-e68e905464c4
BRICKOVEN CATERING LLC,Hudson,3051,BIRCH HILL CATERING,"1 Celebration Wy, Castleton-On-Hudson, NY 12033, USA",73.17,7cb7a56d-9f43-517a-a998-d3d1ce1b73b6,5dfadc56-8661-422f-af9f-e68e905464c4
Barry's Tree Service LLC,Albany,3818,SARGENTS TREE SERVICE,"Octa Ln, Albany, NH 03818, USA",71.11,c234754e-e4fe-5082-a2de-106af0463889,3c8266fe-1acb-4a58-a905-6bf2b3756d72
RT'S CONSTRUCTION,NEW MILFORD,6776,HEATON CONSTRUCTION,"376 Long Mountain Rd, New Milford, CT 06776, USA",77.78,ba898dfe-cd5b-561e-a4fc-ee1b336229c7,81483214-0a1f-43d5-85d0-079def564e52
Guilin Construction LLC,WATERBURY,6708,"WALKER CONSTRUCTION, INC.","5950 Waterbury-Stowe Rd, Waterbury Center, VT 05677, USA",70.83,1c99d710-846b-51e3-a92b-8656dc777165,84f18e63-c58f-4f20-818c-69e483248f18
Pettengill Learning Academy LLC,Brunswick,4011,PETTENGILL ACADEMY BRUNSWICK,"62 Pegasus St, Brunswick, ME 04011, USA",77.97,3d49b3de-a7dc-519d-aa9c-5063cbbd376d,0320f66d-77e7-457a-989d-4c44dea03d2c
Pettengill Learning Academy LLC,Brunswick,4011,PETTENGILL ACADEMY BRUNSWICK,"62 Pegasus St, Brunswick, ME 04011, USA",77.97,a56506bf-eef2-536d-a5a9-f7811082a2a7,0320f66d-77e7-457a-989d-4c44dea03d2c
JSR ENTERPRISES LLC,FARMINGTON,6032,WOLFE ENTERPRISES,"163 N Chesterville Rd, Farmington, ME 04938, USA",72.22,2eb798d3-c60a-59de-995f-c3d98bea56b6,6e2b864a-2fbe-43b4-b631-a78e1247332a
J & J Auto Care LLC,NORTH HAVERHILL,3774,J&J AUTO CARE,"585 Benton Rd, North Haverhill, NH 03774, USA",75.0,87ad3f9f-3348-53ad-8991-bf3979075b65,7c8a1134-0caf-4c98-a70b-5e22c290bb6d
Taylor Electric LLC,Hartford,6114,WESTCOTT ELECTRICAL LLC,"1253 Main St, Hartford, ME 04220, USA",71.43,3f6a657d-48ff-5995-b50e-625b5aedd9d8,95058e84-991a-49be-8d04-dd28670ea24d
Enclave Construction LLC,CHESHIRE,6410,GRIFFIN CONSTRUCTION LLC,"42 Cheshire Turnpike Rd, Langdon, NH 03602, USA",75.0,04cad299-7db9-54db-a0c6-5be55b5aa818,8a9377f2-a2cb-4ad6-9999-9a646962552d
MURPHY CONSTRUCTION,STONEHAM,2180,DTP CONSTRUCTION INC,"1391 Av. Tewkesbury, Stoneham-et-Tewkesbury, QC G3C 3A7, Canada",71.79,01d58e0b-0027-5d78-895d-7962e387a57c,d9c7747d-d0a8-413d-a87b-7c7684b0e689
NEW ENGLAND MEDICAL GROUP MILFORD LLC,MILFORD,1757,NEW MILFORD MEDICAL GROUP,"11 Old Park Lane Rd, New Milford, CT 06776, USA",80.65,79393aa4-96cd-561e-a0ff-781eed4b70d9,0d4c9e9e-f5e6-4eeb-aeb8-8cc9888fca1c
NEW ENGLAND MEDICAL GROUP MILFORD LLC,MILFORD,1757,NEW MILFORD MEDICAL GROUP,"11 Old Park Lane Rd, New Milford, CT 06776, USA",80.65,d434ae62-0c65-521d-8b8a-a6310914d535,0d4c9e9e-f5e6-4eeb-aeb8-8cc9888fca1c
Brooklin GS LLC,BROOKLIN,4616,BROOKLIN SCHOOL,"41 School St, Brooklin, ME 04616, USA",73.33,61cd5d8b-7566-58a4-b248-9530c5338c9a,19e4ff9d-2e5e-4b30-8f3d-0c8684bfc12d
Life Medi Spa PLLC,MEREDITH,3253,LIFE MEDI SPA,"3 Winona Rd #1B, Meredith, NH 03253, USA",83.87,0aa00584-f81a-58c4-b3b0-d72b867d7983,5daa8df1-161e-4514-b6ee-5872d8e606ca
PRECISION MILLWORK LLC,BETHEL,6801,PRECISION MOTORWORKS LLC,"2037 Rousseau Rd, Bethel, VT 05032, USA",82.61,fe16fd91-ad81-5224-838f-ed0111995bdb,5e8baec9-a1ef-4fd3-86c9-eb9c39d18332
T&amp;T Ventures LLC,Northfield,5663,T&T VENTURES,"32 W Hill Rd, Northfield, VT 05663, USA",75.0,ea682def-a298-55ab-a8c4-498ef17c6253,202476ed-9c4f-4cce-a7b8-857ff035bba9
T&amp;T Ventures LLC,Northfield,5663,T&T VENTURES,"32 W Hill Rd, Northfield, VT 05663, USA",75.0,37c6c1af-1f93-5927-b440-62df3356c396,202476ed-9c4f-4cce-a7b8-857ff035bba9
Scotland Spirits LLC,SCOTLAND,6264,SCOTLAND HILL STABLE,"116 Pudding Hill Rd, Scotland, CT 06264, USA",70.0,844d8140-322f-5e00-8d2c-968b7a1ff76f,3f673f42-43a6-4d92-b89b-87f5d14e723b
BNR Seabrook LLC,Seabrook,3874,SEABROOK ER,"603 Lafayette Rd, Seabrook, NH 03874, USA",74.07,92553578-3c53-5893-a105-ec30ccbdee49,ec050213-f2ac-4ce7-95a1-f2f105dcc212
R. DUTTON CONSTRUCTION LLC,RAYMOND,3077,UBORA CONSTRUCTION,"1867 Rte de Chute Panet, Saint-Raymond, QC G3L 4P8, Canada",72.73,73cc59f7-52bc-53df-86fb-a47c682678fc,2c3c6950-278b-44bc-a607-8af4ec53da24
RAPOSO'S CONSTRUCTION INC,TAUNTON,2780,G LOPES CONSTRUCTION INC,"565 Winthrop St, Taunton, MA 02780, USA",77.55,c54f7de6-fb62-5aaa-b7ed-120e132a8c0f,9ee2f4c8-c83e-4096-a607-8c8541d97e39
Precision Autoworks LLC,MANCHESTER,3103,"ODA AUTO PRECISION, LLC","32 Manchester Rd, Auburn, NH 03032, USA",78.26,4c27e437-d0a6-599e-b6a8-7da74d395fd6,3b0a5c03-a2d9-474b-acdd-b7be86cdadd9
Make A Difference Landscaping LLC,LEE,3861,THE DIFFERENCE LANDSCAPES,"459 Calef Hwy, Lee, NH 03861, USA",72.41,542908db-8fae-5914-ba00-f32e1927c109,a8d6020b-408a-4e06-8226-85e795fc33d1
JL Custom  Fab Inc.,BOWDOIN,4287,J L CUSTOM FAB,"1827 Augusta Rd, Bowdoin, ME 04287, USA",81.25,2a4a131a-8b1e-53f1-b27b-9f55f935e32d,1e344876-3abb-44ee-b64a-80de7fbb8a9f
Twin Pine Camps LLC,Millinocket,4462,TWIN PINES AT NEOC,"30 Twin Pines Rd, Millinocket, ME 04462, USA",70.27,f6075942-7e40-5681-b050-de6a08990f02,8bbbb3eb-76b0-4cee-ad54-ccc0215e81d8
DB Landscape LLC,WOLCOTT,6716,R.C. LANDSCAPES,"1019 Baldwin Brook Rd, Wolcott, VT 05680, USA",70.97,0b526d99-afd3-531d-8fe7-5145a7fc037d,8ce0108f-e8bf-4198-8ebc-994f7497bf00
The UPS Store #7784,PORTSMOUTH,3801,THE UPS STORE,"1500 Lafayette Rd Ste 6, Portsmouth, NH 03801, USA",81.25,ade7b1d0-7bd1-5680-bb49-f9f55c80d84d,93675d48-0d93-470f-9696-072da7906e94
Westport MediSpa LLC,WESTPORT,6880,WESTPORT MARINA INC,"20 Washington St, Westport, NY 12993, USA",71.79,2700ee57-a592-5246-b267-db6c1c205240,c808cee1-004f-4215-b78d-10ee55dcf285
Sabuska Corporation,Springfield,1105,IVEK CORPORATION,"10 Fairbanks Rd, North Springfield, VT 05150, USA",74.29,8a8af123-04e0-5188-a0f2-a34eadc1589a,69a166ad-c250-4de2-9f32-f99e5d76f33d
Gateway Electrical Services LLC,SALEM,3079,SCOTT'S ELECTRICAL SERVICES,"Branch Bridge Rd, New Salem, MA 01355, USA",72.41,24ad1c29-3ea6-5531-9a3b-a6858b359ad0,968b3007-cce0-4bc0-b544-6b4da2b0c7f8
Wow Construction LLC,BRAINTREE,2184,NEWFOUND LANDSCAPE CONSTRUCTION,"727 Moore Rd, New Braintree, MA 01531, USA",70.59,8e912b7e-2a4c-5030-9fd3-f9576a38eb66,8aa899bb-d5b9-47a3-abce-c4e39ea28f8f
EG Enterprises LLC,SALEM,6420,CARE FOX ENTERPRISE,"3904 County Rte 30, Salem, NY 12865, USA",70.27,933b6edf-b9e6-5b5e-b098-a78bc3e9c30a,87c5b5cb-0c14-40b2-9042-fea33aa6b978
MILFORD TENNIS CLUB PARTNERS LLC,MILFORD,6460,NEW MILFORD TENNIS & SWIM CLUB,"93 Aspetuck Ridge Rd, New Milford, CT 06776, USA",74.19,3c55a8a2-bb85-5b09-9ae8-d4338abeec6e,d5b45d73-b7bf-4ce0-83fe-9308e50c3c7d
SAVY & SONS LLC,AMSTON,6231,SAVY & SONS,"612 Church St, Amston, CT 06231, USA",84.62,5da27dfb-58a5-5372-880a-cca8687cbd6b,f8857592-f558-475a-b06f-ff436ff000c8
TAYLOR ELECTRIC LLC,HARTFORD,6114,WESTCOTT ELECTRICAL LLC,"1253 Main St, Hartford, ME 04220, USA",71.43,820b9281-5cce-5334-9d23-6eec4eee3a3d,95058e84-991a-49be-8d04-dd28670ea24d
Thomas Enterprises Inc.,SEARSMONT,4973,TOTMAN'S ENTERPRISES,"New England Rd, Searsmont, ME 04973, USA",79.07,19a9b533-0ba5-557f-a203-00e5d08c1d17,b9ac0778-bb1a-4fd8-bb4e-feb641af356f
Greer Enterprises LLC,RAYMOND,3077,RANGELEY ENTERPRISES,"321 NH-27, Raymond, NH 03077, USA",73.17,7e27ad22-9817-5996-a289-ab1435c9fd09,8175b1fe-1617-4060-b060-804c3eb568c8
Charlestown ACE Hardware,Charlestown,2129,CHARLESTOWN URGENT CARE,"3769 Old Post Rd, Charlestown, RI 02813, USA",72.34,aad53b26-8581-5acc-9160-6f10725345eb,1982f958-67e9-4f38-81e9-92c687da4536
NH ADVANCED CONSTRUCTION LLC,LITCHFIELD,3052,BOWER CONSTRUCTION LLC,"557 Hallowell Litchfield Rd, West Gardiner, ME 04345, USA",72.0,aed48181-d52c-59a0-8a90-3615f9683014,6344f220-4df6-4aeb-9836-11d9e7b35af3
SAVY & SONS LLC,AMSTON,6231,SAVY & SONS,"612 Church St, Amston, CT 06231, USA",84.62,126af1ed-e06e-5ffb-9e2d-e2c3bb3dba67,f8857592-f558-475a-b06f-ff436ff000c8
NH ADVANCED CONSTRUCTION LLC,LITCHFIELD,3052,BOWER CONSTRUCTION LLC,"557 Hallowell Litchfield Rd, West Gardiner, ME 04345, USA",72.0,9f355e7b-0112-5765-ae86-4125391e1d9e,6344f220-4df6-4aeb-9836-11d9e7b35af3
J. H. LANDSCAPING AND CONSTRUCTION INC.,SWANSEA,2777,J H LANDSCAPING & CONSTRUCTION,"1102 Sharps Lot Rd, Swansea, MA 02777, USA",84.06,452e6734-e96b-5ad9-bf3c-545bd124b515,328b6b33-e48c-4431-a250-c48f613f92be
Gateway Electrical Services LLC,SALEM,3079,SCOTT'S ELECTRICAL SERVICES,"Branch Bridge Rd, New Salem, MA 01355, USA",72.41,80e5c695-7862-5795-8911-243e240a7e8f,968b3007-cce0-4bc0-b544-6b4da2b0c7f8
DTB NORTH HAVEN LLC,NORTH HAVEN,6473,BMW OF NORTH HAVEN,"610 Washington Ave, North Haven, CT 06473, USA",70.27,7e5c871e-4316-548a-b4e1-8edbff074a29,1b159460-fdf7-4b69-bf3a-56f939e7fe67
Bennington Motor Inn,BENNINGTON,5201,COGGINS TOYOTA OF BENNINGTON,"751 N Bennington Rd, Bennington, VT 05201, USA",70.83,65a4384d-9131-5a5f-bbae-a36c55e3c14c,d279256c-8e73-4854-bfce-2d8e74813027
AJCT Services LLC,Milford,6460,"GTA AUTO SERVICE, LLC","19 Perry Rd, Milford, NH 03055, USA",73.68,4da992d6-fc5a-5974-ae97-dc5fadbc8725,98d9f670-0e4e-499e-8c30-79821beab585
J & J Auto Care LLC,NORTH HAVERHILL,3774,J&J AUTO CARE,"585 Benton Rd, North Haverhill, NH 03774, USA",75.0,bc22c072-a2f3-5a03-8fa2-f5aceb8d2ed7,7c8a1134-0caf-4c98-a70b-5e22c290bb6d
Montessori of Barrington Inc.,BARRINGTON,2806,BARRINGTON MOTOR WORKS,"1892 Franklin Pierce Hwy, Barrington, NH 03825, USA",70.59,e892012f-90e3-5ce8-9b2f-bea182cc14f5,904dddac-06ce-43e7-99c8-c6d3d29bcf45
190 Main Westport LLC,WESTPORT,6880,WESTPORT MARINA INC,"20 Washington St, Westport, NY 12993, USA",75.0,47f022de-9663-5df7-b10f-b8f6149fd5a2,c808cee1-004f-4215-b78d-10ee55dcf285
Charlestown Ace Hardware,CHARLESTOWN,2129,CHARLESTOWN URGENT CARE,"3769 Old Post Rd, Charlestown, RI 02813, USA",72.34,b1320bf6-1228-5b18-a5d0-63cb7d08cd5f,1982f958-67e9-4f38-81e9-92c687da4536
Sbat Fitness LLC,CONCORD,3301,PLANET FITNESS,"89 Fort Eddy Rd, Concord, NH 03301, USA",73.33,311b0a2e-c3c3-5815-9c19-7c5583eeeccd,2322116a-cf82-4515-b213-81b6ad4eddec
Life Medi Spa PLLC,MEREDITH,3253,LIFE MEDI SPA,"3 Winona Rd #1B, Meredith, NH 03253, USA",83.87,fbee535f-64fa-53fc-b236-a2d70bbdfcf5,5daa8df1-161e-4514-b6ee-5872d8e606ca
TMR Construction Corp,WESTPORT,2790,"MANFRED CONSTRUCTION, INC.","5094 State Hwy 9N, Westport, NY 12993, USA",72.34,437ee71f-4c8b-5d45-8d2a-fca65eef2b16,fd437f36-4179-4826-b382-f1744078f69e
ROSA DESIGN & CONSTRUCTION LLC,MILTON,2186,"KEN BRUCE CONSTRUCTION, LLC","PO Box 71, Milton, NH 03851, USA",70.18,ec627e9c-262f-5b54-bec1-255c33a14273,47e98bd3-e28c-4301-9a5a-1958756f7de5
KLOS DELUXE CONSTRUCTION LLC,EASTON,6612,N G CONSTRUCTION LLC,"419 Fuller Rd, Easton, ME 04740, USA",70.83,07aaacba-32c8-51bc-a1f4-389309e11b67,e76025e5-4690-4bb1-8930-cd58eefce45b
Chace Building Supply of CT. Inc.,WOODSTOCK,6281,CHACE BUILDING SUPPLY,"90 CT-171, Woodstock, CT 06281, USA",77.78,a99cafa7-d9e8-5802-837c-1ec638147b38,353b32e6-51c4-46f0-8642-bc65a7fd84a2
Dale E. Metcalf Sr. & Sons Logging & Trucking Inc.,PORTER,4068,DALE METCALF SR SON LOG TRCKG,"676 Porterfield Rd, Porter, ME 04068, USA",73.42,ecb8808b-44c8-5718-8855-c194c90c9477,234d39b6-1387-4b03-8b95-460f3fdc14a9
MACHIAS DENTAL P.A.,MACHIAS,4654,MACHIAS DENTAL,"271 Main St, Machias, ME 04654, USA",84.85,a89e1d63-4518-551e-9531-4cb5adb9f6d6,ff3a98ed-dcad-49e6-8839-8e0fcaebd237
ARCCO FACILITY SERVICES LLC,SALEM,3079,FIDELITY BROKERAGE SERVICES LLC,"900 Salem St, Smithfield, RI 02917, USA",75.86,03efe268-22f5-5bbf-ae0a-65d743657387,ecb35596-72ce-4ebf-9573-b243c9f2ee72
Springfield Pie Inc.,SPRINGFIELD,1109,SPRINGFIELD FENCE CO INC,"50 VT-106, North Springfield, VT 05150, USA",72.73,29a00bd4-230b-57db-bb52-54dea5806fe4,44fb9416-dd76-4ca9-aab3-527aa228e97a
Elevation Physical Therapy,FARMINGTON,4938,FARMINGTON PHYSICAL THERAPY,"395 NH-11, Farmington, NH 03835, USA",79.25,5c0257d0-edf0-53eb-9945-faf4110413ba,e5c0bc9f-2c61-4e0a-b8ce-aba08c207fbb
Justice Energy Solutions Inc.,LEE,1238,INFINITY ENERGY SOLUTIONS,"597 Bishop Hill Rd, Leeds, ME 04263, USA",74.07,abb10e6a-af4b-5457-b275-543122268ae5,d8733c9f-221e-44ab-b95b-3b64eade0565
Mains Electric LLC,ALTON,3809,SPV ELECTRICAL L.L.C.,"8 Simonds Rd, Dalton, NH 03598, USA",71.79,d1b5003c-8e38-5a57-81e5-aa861226b7dc,752e3dda-2216-4871-897e-2e072cc59123
Splash Trucking LLC,WINDHAM,4062,MANFREDA TRUCKING LLC,"219 Back Rd, Windham, CT 06280, USA",70.0,512dda7a-b3fa-568f-b3ad-86bb38407925,4a0e7e51-f741-46a9-a925-278d825ad699
C P Hanscom & Sons LLC,East Machias,4630,C P HANSCOM & SONS METAL ROOFING,"412 Jacksonville Rd, East Machias, ME 04630, USA",74.07,718269b2-0082-59fa-9d77-9c0b9089ce74,b93f26f8-8a27-4d6a-a542-63ac53c4a1bf
Groom CT Fairfield LLC,FAIRFIELD,6824,ROCK CLIMB FAIRFIELD,"85 Mill Plain Rd building t, Fairfield, CT 06824, USA",71.43,216a2101-638f-54ed-a633-6cb6ec7af40f,eb06f05f-4d36-4113-b5d1-28b008029a18
Groom CT Fairfield LLC,FAIRFIELD,6824,ROCK CLIMB FAIRFIELD,"85 Mill Plain Rd building t, Fairfield, CT 06824, USA",71.43,62a4557d-65a6-5a05-a93c-3ceae2396ca5,eb06f05f-4d36-4113-b5d1-28b008029a18
NEW LONDON HOTEL LLC,NEW LONDON,6320,NEW LONDON HOSPITAL,"273 County Rd, New London, NH 03257, USA",76.92,adc53b03-4fb1-5b5b-b546-a5d50a458fba,209686a3-5bba-4e1e-b9b6-d3be4d460c1e
JOE Z CONSTRUCTION INC,TAUNTON,2780,G LOPES CONSTRUCTION INC,"565 Winthrop St, Taunton, MA 02780, USA",82.61,62e9415c-157a-5d45-9ebe-f85873853b50,9ee2f4c8-c83e-4096-a607-8c8541d97e39
Akak Corporation,PEMBROKE,2359,LDG CORPORATION,"701 Borough Rd, Pembroke, NH 03275, USA",70.97,a025e54c-1ee5-51c6-81f9-7774fb9afe3d,0fac20bc-96cd-455e-9ac9-2a56a71ac10c
Splash Trucking LLC,WINDHAM,4062,MANFREDA TRUCKING LLC,"219 Back Rd, Windham, CT 06280, USA",70.0,161cc697-a389-525f-8c9d-514c09d44271,4a0e7e51-f741-46a9-a925-278d825ad699
J Dinovo Construction LLC,HUDSON,3051,MJC CONSTRUCTION,"225 Darling Rd, Hudson, ME 04449, USA",73.17,9692b720-9a7e-5546-8dcf-78be755b379a,63357078-f5af-4749-a148-5e35c06699b1
Flanders Bay BBQ LLC,SULLIVAN,4664,FLANDERS BAY CABINS,"2673 US-1, Sullivan, ME 04664, USA",71.79,eb16d584-c165-5328-8bdd-709b63f8ded3,17f88ad7-ff45-453e-80f6-e54075e562db
White Oak Construction LLC,New Haven,5472,"SILVER MAPLE CONSTRUCTION, LLC","46 River Rd, New Haven, VT 05472, USA",75.0,af03b835-2a7c-51f8-bbcf-ebceb986867d,7c2a7995-2350-4e57-b4cf-ef871fc87eba
DRD Trucking LLC,NEW CANADA,4743,HARDCORE TRUCKING INC,"40 Blanchette Ln, New Canada, ME 04743, USA",70.27,b956fe08-5144-5ea2-bbc0-dbfe5da28054,fa5644ea-ba3f-464b-b658-ca87ab7327f6
ICON Tennis & Pickleball LLC,Walpole,2081,WIMBLEDON TENNIS & PICKLEBALL CLUB,"20 County St, Walpole, MA 02081, USA",70.97,14081494-d60d-5ef5-bd83-ec3ba6a4a72a,8f6ec102-7609-48f1-a9f7-119901b3657a
Wally's Landscaping Inc,HUDSON,1749,DESIGN WORKS LANDSCAPING,"125 Wason Rd, Hudson, NH 03051, USA",72.34,51bf4854-57ad-5545-b6eb-f6ba42f9acaf,5fc8a848-88c7-464d-998c-2a7dbaa6e589
HOTWORX TILTON,TILTON,3276,TILTON SCHOOL,"30 School St, Tilton, NH 03276, USA",74.07,cdcd08c2-b7d5-557f-95cd-49feebf8b346,bca79506-e8e0-43a7-af67-5ea96a00bb74
TAYLOR ELECTRIC LLC,HARTFORD,6114,WESTCOTT ELECTRICAL LLC,"1253 Main St, Hartford, ME 04220, USA",71.43,b2ee02c8-94b7-59db-bb27-3779385292eb,95058e84-991a-49be-8d04-dd28670ea24d
New Milford Golf LLC,New Milford,6776,NEW MILFORD MEDICAL GROUP,"11 Old Park Lane Rd, New Milford, CT 06776, USA",71.11,16bea0af-bf71-5077-8fd0-4e5765ef6841,0d4c9e9e-f5e6-4eeb-aeb8-8cc9888fca1c
JMS Watertown LLC,WATERTOWN,6795,GMC OF WATERTOWN,"715 Straits Turnpike, Watertown, CT 06795, USA",72.73,fe158f1d-3b68-575b-a441-56802e2653a4,27c1ff62-8672-47d4-a7c6-0b3252dd39a7
ICON TENNIS & PICKLEBALL LLC,Walpole,2081,WIMBLEDON TENNIS & PICKLEBALL CLUB,"20 County St, Walpole, MA 02081, USA",70.97,514b81b5-1f57-52e3-bc55-61750264e80c,8f6ec102-7609-48f1-a9f7-119901b3657a
DMB Construction Inc.,WINCHESTER,1890,SUR CONSTRUCTION WEST INC.,"51 Payne Rd, Winchester, NH 03470, USA",72.34,bfd53eb1-7b33-5615-aa38-75a3531fe5ce,82516dde-6092-46af-8fb3-5aaaa035a959
Mansfield Beauty Inc.,MANSFIELD,2048,MANSFIELD AUTO PARTS INC,"214 Stafford Rd, Mansfield Center, CT 06250, USA",75.56,b6692e8a-b058-5f16-861c-57a67d2de93a,21e2d976-409a-435e-b2e9-10412132d9d4
Bristol Bagel Works,BRISTOL,2809,BRISTOL WOODWORKS,"74 Many Waters Rd, Bristol, VT 05443, USA",72.22,d851c380-3dc9-557b-8226-1fd56fc65769,7e8277c0-3b55-4bd2-902a-f4db5b85d244
TA FITNESS LLC,WEYMOUTH,2188,PLANET FITNESS,"944 Middle St, Weymouth, MA 02188, USA",71.43,27575b68-1a33-5e57-bc33-b43096dbd3be,1bb27939-d7b6-4c0b-a5dc-d67a95011a6d
RAE Veterinary Services P.C.,WINTERPORT,4496,RIDGE RUNNER VETERINARY SERVICES,"559 S Main St, Winterport, ME 04496, USA",76.67,eea34448-8260-5deb-9938-a9108b5557bb,a703c378-46c8-49ca-9082-7c3b1740f54f
MiVillage LLC,Holliston,1746,MIVILLAGE,"120 Jeffrey Ave, Holliston, MA 01746, USA",81.82,1043be3c-5786-5f86-acc2-af8680bdadde,54c952d0-c910-4595-8e29-b875bdf75bcc
S&R Brookfield LLC,BROOKFIELD,6804,WEST BROOKFIELD DENTAL,"9 W Main St, West Brookfield, MA 01585, USA",70.0,81ce4e0f-3e75-5a3c-ae50-e204c800dbd1,3e5e91ca-ff40-4f07-aec5-37e13a661c58
JOE Z CONSTRUCTION INC,TAUNTON,2780,G LOPES CONSTRUCTION INC,"565 Winthrop St, Taunton, MA 02780, USA",82.61,2abb1587-a565-589a-b3b9-3b70421899db,9ee2f4c8-c83e-4096-a607-8c8541d97e39
Energy Shield of New Hampshire LLC,CONCORD,3303,NEW HAMPSHIRE WOOD FLOORING LLC,"37 Pine Crest Cir, Concord, NH 03301, USA",70.77,f8e824ea-d03a-5154-be9a-213178b585a6,eb27af37-c0bf-47e6-987c-2bb99962271d
Salem Barrio LLC,SALEM,1970,SALEM AUTO LLC,"468 Old Colchester Rd, Salem, CT 06420, USA",80.0,23832c3b-874b-5576-97d8-7d0f39d25ae0,be9bda69-358c-41bd-afa1-5dbf6a886a37
MANCHESTER MEMORIAL CO INC,MANCHESTER,3103,MANCHESTER MEMORIAL HOSPITAL,"71 Haynes St, Manchester, CT 06040, USA",81.48,e21828ed-e9b7-56ab-b196-b53e82ca9796,a1c2a971-d9dd-4796-914f-98eff52e4ea6
MANCHESTER MEMORIAL CO INC,MANCHESTER,3103,MANCHESTER MEMORIAL HOSPITAL,"71 Haynes St, Manchester, CT 06040, USA",81.48,cb51ce1f-ccdb-5d80-9333-c957faa62cb4,a1c2a971-d9dd-4796-914f-98eff52e4ea6
Nexus Accounting Services LLC,LOWELL,1852,CENTRAL MAINE ACCOUNTING & TAX SERVICES,"681 Hallowell Litchfield Rd, West Gardiner, ME 04345, USA",70.59,c16da20a-e5f0-59c9-98d0-ef2bc575f5ce,1d97a2f7-d03b-43bf-a28a-91c6e9b67e10
NEW LONDON INK,NEW LONDON,6320,NEW LONDON HOSPITAL,"273 County Rd, New London, NH 03257, USA",72.73,0fe9506a-9852-5aeb-b1f7-7332bb5858fa,209686a3-5bba-4e1e-b9b6-d3be4d460c1e
TAYLOR ELECTRIC LLC,HARTFORD,6114,WESTCOTT ELECTRICAL LLC,"1253 Main St, Hartford, ME 04220, USA",71.43,8984527f-13e2-548c-af61-9e9c877867ad,95058e84-991a-49be-8d04-dd28670ea24d
GC Services & Carpentry Inc.,SALEM,1970,BAIN'S SERVICE CENTER INC.,"5 Riley Hill Rd, Salem, NY 12865, USA",70.37,6f6c2221-e14c-5552-9a31-3ac862576d8c,3b82f58d-e8a6-46c8-962d-d6bbf3d36690
Taylor Electric LLC,HARTFORD,6114,WESTCOTT ELECTRICAL LLC,"1253 Main St, Hartford, ME 04220, USA",71.43,8a189822-d47f-53db-a247-6c8ab1c0006a,95058e84-991a-49be-8d04-dd28670ea24d
TOP TIER PLUMBING & HEATING LLC,MIDDLEBORO,2346,TDM PLUMBING & HEATING,"25 Charmark Cir, Middleborough, MA 02346, USA",75.47,99215670-2b89-5868-88c1-71415f9c6516,acc859b3-c270-41d3-a82b-2093c16f8148
JOSE PENA LANDSCAPING,SALEM,1970,NOVAK BROTHERS LANDSCAPING,"282 Norwich Salem Rd, East Haddam, CT 06423, USA",72.34,2f70eed2-254c-593b-bad7-521297962f74,7e46b523-73dc-4cb9-b30b-421b697c0d3f
Grand View Property Maintenance LLC,PLYMOUTH,5056,MICAH'S PROPERTY MAINTENANCE LLC,"548 Daniel Webster Hwy, Plymouth, NH 03264, USA",71.64,e1077912-3d1a-5b95-b46c-2ecc03c42c10,b890bfe4-84df-4721-86e9-b3f599b9568f
QUINCY NAILS LLC,QUINCY,2169,QUINCY COLLIES,"952 Quincy Rd, Rumney, NH 03266, USA",73.33,26f4352c-6d20-5032-87df-d4b8ce72c2fd,ebb5c939-098f-4716-a9ec-42f498a52070
Tobin Construction LLC,DOVER,3820,FENTON'S CONSTRUCTION INC,"72 Fenvale Rd, Andover, NH 03216, USA",72.34,a40eaa09-4802-58d1-b2b1-6b615f8c6440,1b701d0a-ec0a-45e2-9917-1a475b6a90be
Manchester Laundry LLC,MANCHESTER,3102,MANCHESTER COUNTRY CLUB,"229 Beech St, Manchester Center, VT 05255, USA",71.11,11711a1a-13f4-5c9b-96e5-d01bf2f29bb9,bbe184a1-bfbf-42d1-b774-b6e6339010fb
Lough Construction Inc,WINTHROP,2152,G LOPES CONSTRUCTION INC,"565 Winthrop St, Taunton, MA 02780, USA",82.61,b13f873b-7d6a-55e6-bb04-404783489929,9ee2f4c8-c83e-4096-a607-8c8541d97e39
USA Wood Concepts Inc.,NEW VINEYARD,4956,MAINE WOOD CONCEPTS,"1687 New Vineyard Rd, New Vineyard, ME 04956, USA",78.05,9ff98ee3-a1d9-55a1-b34c-3413c1832e6a,8aef31b9-9088-4362-a7e8-30d9d1f8e9b4
